category,image,rank,name,value,raw_line
Personal Power,Images\Personal Power\photo_2026-05-04_15-24-57.jpg,,[TFRJBRUMMBAR,473008161,"[TFRJBRUMMBAR 473,008,161"
Personal Power,Images\Personal Power\photo_2026-05-04_15-24-57.jpg,,LFRYENSIEOS N.S.EVARCEN [TFR]Yensid08,472324654,"LFRYENSIEOS N.S.EVARCEN [TFR]Yensid08 472,324,654"
Personal Power,Images\Personal Power\photo_2026-05-04_15-24-57.jpg,3,[TFRlpentode,420760032,"3 [TFRlpentode 420,760,032"
Personal Power,Images\Personal Power\photo_2026-05-04_15-24-57.jpg,4,[TFR]NickM,418026435,"4 [TFR]NickM 418,026,435"
Personal Power,Images\Personal Power\photo_2026-05-04_15-24-57.jpg,5,[TFR]ESTOP63KOR,369527836,"5 [TFR]ESTOP63KOR 369,527,836"
Personal Power,Images\Personal Power\photo_2026-05-04_15-24-57.jpg,6,[TNS]Fritz,366116462,"6 [TNS]Fritz 366,116,462"
Personal Power,Images\Personal Power\photo_2026-05-04_15-24-57.jpg,7,[EVAI大明宫速至尊能服全覆益WIFi,357540532,"7 [EVAI大明宫速至尊能服全覆益WIFi 357,540,532"
Personal Power,Images\Personal Power\photo_2026-05-04_15-24-57.jpg,8,[TNS]Pikachu,356446924,"8 [TNS]Pikachu 356,446,924"
Personal Power,Images\Personal Power\photo_2026-05-04_15-24-57.jpg,6,[EVA]MARC00127,342333118,"6 [EVA]MARC00127 342,333,118"
Personal Power,Images\Personal Power\photo_2026-05-04_15-24-57.jpg,49,[TFRJNOOX,240336796,"49 [TFRJNOOX 240,336,796"
Personal Power,Images\Personal Power\photo_2026-05-04_15-45-40.jpg,,[TFRJBRUMMBAR,473004741,"[TFRJBRUMMBAR 473,004,741"
Personal Power,Images\Personal Power\photo_2026-05-04_15-45-40.jpg,,N.S.EVARCEN FRYENSEOE [TFR]Yensid08,472324654,"N.S.EVARCEN FRYENSEOE [TFR]Yensid08 472,324,654"
Personal Power,Images\Personal Power\photo_2026-05-04_15-45-40.jpg,3,[TFR]pentode,420757508,"3 [TFR]pentode 420,757,508"
Personal Power,Images\Personal Power\photo_2026-05-04_15-45-40.jpg,4,[TFRINickM,418020507,"4 [TFRINickM 418,020,507"
Personal Power,Images\Personal Power\photo_2026-05-04_15-45-40.jpg,5,[TFR]ESTOPG3KOR,369527836,"5 [TFR]ESTOPG3KOR 369,527,836"
Personal Power,Images\Personal Power\photo_2026-05-04_15-45-40.jpg,6,[TNS]Fritz,366106592,"6 [TNS]Fritz 366,106,592"
Personal Power,Images\Personal Power\photo_2026-05-04_15-45-40.jpg,7,EVA大明宫速至尊能服全覆WIiFi,357540532,"7 EVA大明宫速至尊能服全覆WIiFi 357,540,532"
Personal Power,Images\Personal Power\photo_2026-05-04_15-45-40.jpg,8,[TNS]Pikachu,356427772,"8 [TNS]Pikachu 356,427,772"
Personal Power,Images\Personal Power\photo_2026-05-04_15-45-40.jpg,6,[EVAJMARC00127,342333118,"6 [EVAJMARC00127 342,333,118"
Personal Power,Images\Personal Power\photo_2026-05-04_15-45-40.jpg,49,[TFRJNOOX,240325140,"49 [TFRJNOOX 240,325,140"
Personal Power,Images\Personal Power\photo_2026-05-04_15-45-42.jpg,10,[TFR]Lord Minion,335508139,"10 [TFR]Lord Minion 335,508,139"
Personal Power,Images\Personal Power\photo_2026-05-04_15-45-42.jpg,11,[EVA]夜游干吊僧,325288042,"11 [EVA]夜游干吊僧 325,288,042"
Personal Power,Images\Personal Power\photo_2026-05-04_15-45-42.jpg,12,ALLYDUCANBEAM [TNS]Allyoucanbeam,320462589,"12 ALLYDUCANBEAM [TNS]Allyoucanbeam 320,462,589"
Personal Power,Images\Personal Power\photo_2026-05-04_15-45-42.jpg,13,[TFR]Chong,320285307,"13 [TFR]Chong 320,285,307"
Personal Power,Images\Personal Power\photo_2026-05-04_15-45-42.jpg,14,[EVA]Lanny,310285202,"14 [EVA]Lanny 310,285,202"
Personal Power,Images\Personal Power\photo_2026-05-04_15-45-42.jpg,15,[TFR]AdmiralKayne,301703243,"15 [TFR]AdmiralKayne 301,703,243"
Personal Power,Images\Personal Power\photo_2026-05-04_15-45-42.jpg,16,[EVA]StarryLolli's,301371093,"16 [EVA]StarryLolli's 301,371,093"
Personal Power,Images\Personal Power\photo_2026-05-04_15-45-42.jpg,17,[TNS]Daenerys,299894678,"17 [TNS]Daenerys 299,894,678"
Personal Power,Images\Personal Power\photo_2026-05-04_15-45-42.jpg,18,[TNS]BRONSON,298253507,"18 [TNS]BRONSON 298,253,507"
Personal Power,Images\Personal Power\photo_2026-05-04_15-45-42.jpg,49,[TFRJNOOX,240325140,"49 [TFRJNOOX 240,325,140"
Personal Power,Images\Personal Power\photo_2026-05-04_15-45-56.jpg,19,[EVA]耶稣也留不住他,288885816,"19 [EVA]耶稣也留不住他 288,885,816"
Personal Power,Images\Personal Power\photo_2026-05-04_15-45-56.jpg,20,[TFR]Marna,281210729,"20 [TFR]Marna 281,210,729"
Personal Power,Images\Personal Power\photo_2026-05-04_15-45-56.jpg,21,[EVA]Penguin,277533894,"21 [EVA]Penguin 277,533,894"
Personal Power,Images\Personal Power\photo_2026-05-04_15-45-56.jpg,22,[TFR]Gentle Daddy2,273566756,"22 [TFR]Gentle Daddy2 273,566,756"
Personal Power,Images\Personal Power\photo_2026-05-04_15-45-56.jpg,23,[TFR]WhackedWake,273560449,"23 [TFR]WhackedWake 273,560,449"
Personal Power,Images\Personal Power\photo_2026-05-04_15-45-56.jpg,24,[TNS]Akagami,273459301,"24 [TNS]Akagami 273,459,301"
Personal Power,Images\Personal Power\photo_2026-05-04_15-45-56.jpg,25,[EVA]PC bbzz,272457615,"25 [EVA]PC bbzz 272,457,615"
Personal Power,Images\Personal Power\photo_2026-05-04_15-45-56.jpg,26,[TFR]Themistodoggo,271883793,"26 [TFR]Themistodoggo 271,883,793"
Personal Power,Images\Personal Power\photo_2026-05-04_15-45-56.jpg,27,[TFR]Noble Minion,268335250,"27 [TFR]Noble Minion 268,335,250"
Personal Power,Images\Personal Power\photo_2026-05-04_15-45-56.jpg,49,[TFRJNOOX,240325140,"49 [TFRJNOOX 240,325,140"
Personal Power,Images\Personal Power\photo_2026-05-04_15-45-58.jpg,28,[EVA]Minogue,267610540,"28 [EVA]Minogue 267,610,540"
Personal Power,Images\Personal Power\photo_2026-05-04_15-45-58.jpg,29,[TFR]CroissantMan,266427975,"29 [TFR]CroissantMan 266,427,975"
Personal Power,Images\Personal Power\photo_2026-05-04_15-45-58.jpg,30,GSAINT [TNS]Ssaintt,265358799,"30 GSAINT [TNS]Ssaintt 265,358,799"
Personal Power,Images\Personal Power\photo_2026-05-04_15-45-58.jpg,,LE [EVA]P4radox,264020645,"LE [EVA]P4radox 264,020,645"
Personal Power,Images\Personal Power\photo_2026-05-04_15-45-58.jpg,32,[EVA]Tyson Yoshi,262296106,"32 [EVA]Tyson Yoshi 262,296,106"
Personal Power,Images\Personal Power\photo_2026-05-04_15-45-58.jpg,33,[TNS]AIboba,261598943,"33 [TNS]AIboba 261,598,943"
Personal Power,Images\Personal Power\photo_2026-05-04_15-45-58.jpg,34,[TFR]Beatrix,260644178,"34 [TFR]Beatrix 260,644,178"
Personal Power,Images\Personal Power\photo_2026-05-04_15-45-58.jpg,35,[RAW]soon,256223710,"35 [RAW]soon 256,223,710"
Personal Power,Images\Personal Power\photo_2026-05-04_15-45-58.jpg,36,[TFR]DoUzOsGR,255811090,"36 [TFR]DoUzOsGR 255,811,090"
Personal Power,Images\Personal Power\photo_2026-05-04_15-45-58.jpg,49,[TFRJNOOX,240325140,"49 [TFRJNOOX 240,325,140"
Personal Power,Images\Personal Power\photo_2026-05-04_15-45-59.jpg,37,[DEU]mandi101,254786565,"37 [DEU]mandi101 254,786,565"
Personal Power,Images\Personal Power\photo_2026-05-04_15-45-59.jpg,38,[EVA]瑪哉maya,253139954,"38 [EVA]瑪哉maya 253,139,954"
Personal Power,Images\Personal Power\photo_2026-05-04_15-45-59.jpg,,[TNS]SiPeNee,252572863,"[TNS]SiPeNee 252,572,863"
Personal Power,Images\Personal Power\photo_2026-05-04_15-45-59.jpg,40,[DEU]lordpumpernickl,249029365,"40 [DEU]lordpumpernickl 249,029,365"
Personal Power,Images\Personal Power\photo_2026-05-04_15-45-59.jpg,41,[EVA]JeabdE-{]小,247050399,"41 [EVA]JeabdE-{]小 247,050,399"
Personal Power,Images\Personal Power\photo_2026-05-04_15-45-59.jpg,42,[RAW]YNWA1892,246149032,"42 [RAW]YNWA1892 246,149,032"
Personal Power,Images\Personal Power\photo_2026-05-04_15-45-59.jpg,43,[TFR]Dejw,245455918,"43 [TFR]Dejw 245,455,918"
Personal Power,Images\Personal Power\photo_2026-05-04_15-45-59.jpg,44,[DEU]Laiikmili,245315529,"44 [DEU]Laiikmili 245,315,529"
Personal Power,Images\Personal Power\photo_2026-05-04_15-45-59.jpg,45,[EVA]Charlie,244801282,"45 [EVA]Charlie 244,801,282"
Personal Power,Images\Personal Power\photo_2026-05-04_15-45-59.jpg,49,[TFRJNOOX,240325140,"49 [TFRJNOOX 240,325,140"
Personal Power,Images\Personal Power\photo_2026-05-04_15-46-00.jpg,46,[TNS]Landoogst,242007312,"46 [TNS]Landoogst 242,007,312"
Personal Power,Images\Personal Power\photo_2026-05-04_15-46-00.jpg,47,[TNS]pho,241752489,"47 [TNS]pho 241,752,489"
Personal Power,Images\Personal Power\photo_2026-05-04_15-46-00.jpg,48,[TNS]Eevee,241416801,"48 [TNS]Eevee 241,416,801"
Personal Power,Images\Personal Power\photo_2026-05-04_15-46-00.jpg,49,[TFR]NoOX,240325140,"49 [TFR]NoOX 240,325,140"
Personal Power,Images\Personal Power\photo_2026-05-04_15-46-00.jpg,50,l0品[S],239564189,"50 l0品[S] 239,564,189"
Personal Power,Images\Personal Power\photo_2026-05-04_15-46-00.jpg,51,[TFR]TcXendGM,238315816,"51 [TFR]TcXendGM 238,315,816"
Personal Power,Images\Personal Power\photo_2026-05-04_15-46-00.jpg,52,[TFR]STEEL,238212561,"52 [TFR]STEEL 238,212,561"
Personal Power,Images\Personal Power\photo_2026-05-04_15-46-00.jpg,53,[TFR]OnlyHuman,237638089,"53 [TFR]OnlyHuman 237,638,089"
Personal Power,Images\Personal Power\photo_2026-05-04_15-46-00.jpg,54,[TFR]ThePsychologist,237461416,"54 [TFR]ThePsychologist 237,461,416"
Personal Power,Images\Personal Power\photo_2026-05-04_15-46-00.jpg,49,[TFRJNOOX,240325140,"49 [TFRJNOOX 240,325,140"
Personal Power,Images\Personal Power\photo_2026-05-04_15-46-01.jpg,55,[TNS]Taylor,236788099,"55 [TNS]Taylor 236,788,099"
Personal Power,Images\Personal Power\photo_2026-05-04_15-46-01.jpg,56,[TNS]Erik,236357111,"56 [TNS]Erik 236,357,111"
Personal Power,Images\Personal Power\photo_2026-05-04_15-46-01.jpg,57,[TFR]Guat,234923015,"57 [TFR]Guat 234,923,015"
Personal Power,Images\Personal Power\photo_2026-05-04_15-46-01.jpg,59,[TNS-③000000,231807865,"59 [TNS-③000000 231,807,865"
Personal Power,Images\Personal Power\photo_2026-05-04_15-46-01.jpg,61,[TFR]chistine小叮,230221832,"61 [TFR]chistine小叮 230,221,832"
Personal Power,Images\Personal Power\photo_2026-05-04_15-46-01.jpg,62,TFR]Bart Simpson,228851171,"62 TFR]Bart Simpson 228,851,171"
Personal Power,Images\Personal Power\photo_2026-05-04_15-46-01.jpg,63,[D8F]Werner,228748341,"63 [D8F]Werner 228,748,341"
Personal Power,Images\Personal Power\photo_2026-05-04_15-46-01.jpg,49,[TFRJNOOX,240325140,"49 [TFRJNOOX 240,325,140"
Personal Power,Images\Personal Power\photo_2026-05-04_15-46-02.jpg,64,TTFRjthe accountant,227843580,"64 TTFRjthe accountant 227,843,580"
Personal Power,Images\Personal Power\photo_2026-05-04_15-46-02.jpg,65,[TNS]Pappaguru,227017736,"65 [TNS]Pappaguru 227,017,736"
Personal Power,Images\Personal Power\photo_2026-05-04_15-46-02.jpg,66,[TFR]Tinix,226429417,"66 [TFR]Tinix 226,429,417"
Personal Power,Images\Personal Power\photo_2026-05-04_15-46-02.jpg,67,[EVA]三小猪,225663318,"67 [EVA]三小猪 225,663,318"
Personal Power,Images\Personal Power\photo_2026-05-04_15-46-02.jpg,68,[TFR]Sparrow,225610855,"68 [TFR]Sparrow 225,610,855"
Personal Power,Images\Personal Power\photo_2026-05-04_15-46-02.jpg,69,[EVA]蛋仔,225394408,"69 [EVA]蛋仔 225,394,408"
Personal Power,Images\Personal Power\photo_2026-05-04_15-46-02.jpg,72,[TNS]xOX,224404584,"72 [TNS]xOX 224,404,584"
Personal Power,Images\Personal Power\photo_2026-05-04_15-46-02.jpg,49,[TFRJNOOX,240325140,"49 [TFRJNOOX 240,325,140"
Personal Power,Images\Personal Power\photo_2026-05-04_15-46-03.jpg,73,[TNS]Loading0oo,224152183,"73 [TNS]Loading0oo 224,152,183"
Personal Power,Images\Personal Power\photo_2026-05-04_15-46-03.jpg,74,[TNS]GMPoTonJeux,222307206,"74 [TNS]GMPoTonJeux 222,307,206"
Personal Power,Images\Personal Power\photo_2026-05-04_15-46-03.jpg,75,[TFR]Radinho,220464167,"75 [TFR]Radinho 220,464,167"
Personal Power,Images\Personal Power\photo_2026-05-04_15-46-03.jpg,76,Mew,219207896,"76 Mew 219,207,896"
Personal Power,Images\Personal Power\photo_2026-05-04_15-46-03.jpg,77,[TNS]SirLance,218230310,"77 [TNS]SirLance 218,230,310"
Personal Power,Images\Personal Power\photo_2026-05-04_15-46-03.jpg,78,[TNS]Hygieia,218227879,"78 [TNS]Hygieia 218,227,879"
Personal Power,Images\Personal Power\photo_2026-05-04_15-46-03.jpg,,L [TNS]6ena9 BOpOHa,217834533,"6L [TNS]6ena9 BOpOHa 217,834,533"
Personal Power,Images\Personal Power\photo_2026-05-04_15-46-03.jpg,80,[DEU]Maddy,217290831,"80 [DEU]Maddy 217,290,831"
Personal Power,Images\Personal Power\photo_2026-05-04_15-46-03.jpg,81,[TFR]Son,216057120,"81 [TFR]Son 216,057,120"
Personal Power,Images\Personal Power\photo_2026-05-04_15-46-03.jpg,49,[TFRJNOOX,240325140,"49 [TFRJNOOX 240,325,140"
Personal Power,Images\Personal Power\photo_2026-05-04_15-46-04.jpg,82,[TFR]Artemisa,215061820,"82 [TFR]Artemisa 215,061,820"
Personal Power,Images\Personal Power\photo_2026-05-04_15-46-04.jpg,83,[TFR]Catts98,214934913,"83 [TFR]Catts98 214,934,913"
Personal Power,Images\Personal Power\photo_2026-05-04_15-46-04.jpg,84,[EVA]Tile,212164272,"84 [EVA]Tile 212,164,272"
Personal Power,Images\Personal Power\photo_2026-05-04_15-46-04.jpg,85,[EVA]S4k3r4,211869219,"85 [EVA]S4k3r4 211,869,219"
Personal Power,Images\Personal Power\photo_2026-05-04_15-46-04.jpg,86,[TFR]Marrowgar,211537371,"86 [TFR]Marrowgar 211,537,371"
Personal Power,Images\Personal Power\photo_2026-05-04_15-46-04.jpg,87,[EVA]Lorness,211243112,"87 [EVA]Lorness 211,243,112"
Personal Power,Images\Personal Power\photo_2026-05-04_15-46-04.jpg,88,[TFR]Stru,210972549,"88 [TFR]Stru 210,972,549"
Personal Power,Images\Personal Power\photo_2026-05-04_15-46-04.jpg,68,[TNS]Lord Raider,210322091,"68 [TNS]Lord Raider 210,322,091"
Personal Power,Images\Personal Power\photo_2026-05-04_15-46-04.jpg,6,[TFR]LadyCarnage,209624554,"06 [TFR]LadyCarnage 209,624,554"
Personal Power,Images\Personal Power\photo_2026-05-04_15-46-04.jpg,49,[TFRJNOOX,240325140,"49 [TFRJNOOX 240,325,140"
Personal Power,Images\Personal Power\photo_2026-05-04_15-46-05.jpg,6,[TFR]LadyCarnage,209624554,"06 [TFR]LadyCarnage 209,624,554"
Personal Power,Images\Personal Power\photo_2026-05-04_15-46-05.jpg,,L6 [TFR]Mietek,209537741,"L6 [TFR]Mietek 209,537,741"
Personal Power,Images\Personal Power\photo_2026-05-04_15-46-05.jpg,92,[NS]01,208999143,"92 [NS]01 208,999,143"
Personal Power,Images\Personal Power\photo_2026-05-04_15-46-05.jpg,6,[TFR]LordKnight 357,208288403,"6 [TFR]LordKnight 357 208,288,403"
Personal Power,Images\Personal Power\photo_2026-05-04_15-46-05.jpg,94,[RAW]Spenalson,207915101,"94 [RAW]Spenalson 207,915,101"
Personal Power,Images\Personal Power\photo_2026-05-04_15-46-05.jpg,95,[DEU]Kralice,207715721,"95 [DEU]Kralice 207,715,721"
Personal Power,Images\Personal Power\photo_2026-05-04_15-46-05.jpg,96,[D8F]Mamie Tsunade,207526461,"96 [D8F]Mamie Tsunade 207,526,461"
Personal Power,Images\Personal Power\photo_2026-05-04_15-46-05.jpg,97,[TNS]Kings'landing,207146222,"97 [TNS]Kings'landing 207,146,222"
Personal Power,Images\Personal Power\photo_2026-05-04_15-46-05.jpg,98,[TFR]Lord of theSeas,206885210,"98 [TFR]Lord of theSeas 206,885,210"
Personal Power,Images\Personal Power\photo_2026-05-04_15-46-05.jpg,49,[TFRJNOOX,240325140,"49 [TFRJNOOX 240,325,140"
Personal Power,Images\Personal Power\photo_2026-05-04_15-46-06.jpg,92,NS]01,208999143,"92 NS]01 208,999,143"
Personal Power,Images\Personal Power\photo_2026-05-04_15-46-06.jpg,,[TFR]Lord Knight 357,208288403,"[TFR]Lord Knight 357 208,288,403"
Personal Power,Images\Personal Power\photo_2026-05-04_15-46-06.jpg,94,[RAW]Spenalson,207915101,"94 [RAW]Spenalson 207,915,101"
Personal Power,Images\Personal Power\photo_2026-05-04_15-46-06.jpg,95,[DEU]Kralice,207715721,"95 [DEU]Kralice 207,715,721"
Personal Power,Images\Personal Power\photo_2026-05-04_15-46-06.jpg,96,[D8F]Mamie Tsunade,207526461,"96 [D8F]Mamie Tsunade 207,526,461"
Personal Power,Images\Personal Power\photo_2026-05-04_15-46-06.jpg,,L6 [TNS]Kings'landing,207146222,"L6 [TNS]Kings'landing 207,146,222"
Personal Power,Images\Personal Power\photo_2026-05-04_15-46-06.jpg,98,[TFR]Lord ofthe Seas,206885210,"98 [TFR]Lord ofthe Seas 206,885,210"
Personal Power,Images\Personal Power\photo_2026-05-04_15-46-06.jpg,66,[TFR]FSMHAN,206095334,"66 [TFR]FSMHAN 206,095,334"
Personal Power,Images\Personal Power\photo_2026-05-04_15-46-06.jpg,100,[TFR]LLuna,204532168,"100 [TFR]LLuna 204,532,168"
Personal Power,Images\Personal Power\photo_2026-05-04_15-46-06.jpg,49,[TFRJNOOX,240325140,"49 [TFRJNOOX 240,325,140"
Town Center Level,Images\Town Center Level\photo_2026-05-04_15-24-55.jpg,3,[EVA]MARC,127,3 [EVA]MARC00127
Town Center Level,Images\Town Center Level\photo_2026-05-04_15-49-53.jpg,3,[EVA]MARC,127,3 [EVA]MARC00127
Town Center Level,Images\Town Center Level\photo_2026-05-04_15-50-02 (2).jpg,68,[EVA]Nightshadow,2601,68 [EVA]Nightshadow2601
Town Center Level,Images\Town Center Level\photo_2026-05-04_15-50-02.jpg,63,[RAW]YNWA,1892,63 [RAW]YNWA1892
Hero Power,Images\Hero Power\photo_2026-05-04_15-24-51.jpg,,FRYENSIEOE [TFR]Yensid08,18803568,"FRYENSIEOE [TFR]Yensid08 18,803,568"
Hero Power,Images\Hero Power\photo_2026-05-04_15-24-51.jpg,,[TFRJBRUMMBAR,18155770,"[TFRJBRUMMBAR 18,155,770"
Hero Power,Images\Hero Power\photo_2026-05-04_15-24-51.jpg,3,[TFR]NickM,16632814,"3 [TFR]NickM 16,632,814"
Hero Power,Images\Hero Power\photo_2026-05-04_15-24-51.jpg,4,[TNS]Pikachu,16132269,"4 [TNS]Pikachu 16,132,269"
Hero Power,Images\Hero Power\photo_2026-05-04_15-24-51.jpg,6,[TFR]AdmiralKayne,11666423,"6 [TFR]AdmiralKayne 11,666,423"
Hero Power,Images\Hero Power\photo_2026-05-04_15-24-51.jpg,7,[TFRlpentode,11240450,"7 [TFRlpentode 11,240,450"
Hero Power,Images\Hero Power\photo_2026-05-04_15-24-51.jpg,8,EVA大明宫速至尊能斯全覆益WFI,10150264,"8 EVA大明宫速至尊能斯全覆益WFI 10,150,264"
Hero Power,Images\Hero Power\photo_2026-05-04_15-24-51.jpg,6,[EVA]刷刷刷刷刷刷,9708102,"6 [EVA]刷刷刷刷刷刷 9,708,102"
Hero Power,Images\Hero Power\photo_2026-05-04_15-24-51.jpg,36,[TFRJNoOX,4954285,"36 [TFRJNoOX 4,954,285"
Hero Power,Images\Hero Power\photo_2026-05-04_15-58-28.jpg,,FRYENSIEOB [TFR]Yensid08,18803568,"FRYENSIEOB [TFR]Yensid08 18,803,568"
Hero Power,Images\Hero Power\photo_2026-05-04_15-58-28.jpg,,[TFRJBRUMMBAR,18155770,"[TFRJBRUMMBAR 18,155,770"
Hero Power,Images\Hero Power\photo_2026-05-04_15-58-28.jpg,3,[TFR]NickM,17703112,"3 [TFR]NickM 17,703,112"
Hero Power,Images\Hero Power\photo_2026-05-04_15-58-28.jpg,4,[TNS]Pikachu,16132269,"4 [TNS]Pikachu 16,132,269"
Hero Power,Images\Hero Power\photo_2026-05-04_15-58-28.jpg,6,[TFR]AdmiralKayne,11666423,"6 [TFR]AdmiralKayne 11,666,423"
Hero Power,Images\Hero Power\photo_2026-05-04_15-58-28.jpg,7,[TFRlpentode,11240450,"7 [TFRlpentode 11,240,450"
Hero Power,Images\Hero Power\photo_2026-05-04_15-58-28.jpg,8,EVA大明宫速至尊能斯全覆益WFI,10150264,"8 EVA大明宫速至尊能斯全覆益WFI 10,150,264"
Hero Power,Images\Hero Power\photo_2026-05-04_15-58-28.jpg,6,[EVA刷刷刷刷刷刷,9708102,"6 [EVA刷刷刷刷刷刷 9,708,102"
Hero Power,Images\Hero Power\photo_2026-05-04_15-58-28.jpg,36,[TFRJNoOX,4954285,"36 [TFRJNoOX 4,954,285"
Hero Power,Images\Hero Power\photo_2026-05-04_15-58-30.jpg,10,[EVA]Minogue,9566349,"10 [EVA]Minogue 9,566,349"
Hero Power,Images\Hero Power\photo_2026-05-04_15-58-30.jpg,11,[EVA]夜游干吊僧,9420120,"11 [EVA]夜游干吊僧 9,420,120"
Hero Power,Images\Hero Power\photo_2026-05-04_15-58-30.jpg,12,[TFR]Chong,9416586,"12 [TFR]Chong 9,416,586"
Hero Power,Images\Hero Power\photo_2026-05-04_15-58-30.jpg,13,[TNS]Allyoucanbeam,9304334,"13 [TNS]Allyoucanbeam 9,304,334"
Hero Power,Images\Hero Power\photo_2026-05-04_15-58-30.jpg,14,[TNS]Daenerys,8489456,"14 [TNS]Daenerys 8,489,456"
Hero Power,Images\Hero Power\photo_2026-05-04_15-58-30.jpg,15,[TNS]SirLance,8295206,"15 [TNS]SirLance 8,295,206"
Hero Power,Images\Hero Power\photo_2026-05-04_15-58-30.jpg,16,[TFR]STOPG3KOR°,7572832,"16 [TFR]STOPG3KOR° 7,572,832"
Hero Power,Images\Hero Power\photo_2026-05-04_15-58-30.jpg,17,[EVA]耶稣也留不住他,7465422,"17 [EVA]耶稣也留不住他 7,465,422"
Hero Power,Images\Hero Power\photo_2026-05-04_15-58-30.jpg,18,[TFR]Lord Minion,7187384,"18 [TFR]Lord Minion 7,187,384"
Hero Power,Images\Hero Power\photo_2026-05-04_15-58-30.jpg,36,[TFRJNoOX,4954285,"36 [TFRJNoOX 4,954,285"
Hero Power,Images\Hero Power\photo_2026-05-04_15-58-35.jpg,,L [TNS]BRONSON,7171984,"6L [TNS]BRONSON 7,171,984"
Hero Power,Images\Hero Power\photo_2026-05-04_15-58-35.jpg,20,[TFR]Marrowgar,7144235,"20 [TFR]Marrowgar 7,144,235"
Hero Power,Images\Hero Power\photo_2026-05-04_15-58-35.jpg,21,[EVA]a依依eyiyi,7085540,"21 [EVA]a依依eyiyi 7,085,540"
Hero Power,Images\Hero Power\photo_2026-05-04_15-58-35.jpg,22,[TNS]SiPeNee,6197464,"22 [TNS]SiPeNee 6,197,464"
Hero Power,Images\Hero Power\photo_2026-05-04_15-58-35.jpg,23,TFR]Noble Minion,6132007,"23 TFR]Noble Minion 6,132,007"
Hero Power,Images\Hero Power\photo_2026-05-04_15-58-35.jpg,24,[RAW]soon,5922357,"24 [RAW]soon 5,922,357"
Hero Power,Images\Hero Power\photo_2026-05-04_15-58-35.jpg,25,[EVA]Charlie,5879790,"25 [EVA]Charlie 5,879,790"
Hero Power,Images\Hero Power\photo_2026-05-04_15-58-35.jpg,26,[TNS]AIboba,5845440,"26 [TNS]AIboba 5,845,440"
Hero Power,Images\Hero Power\photo_2026-05-04_15-58-35.jpg,27,[RAW]YNWA1892,5701935,"27 [RAW]YNWA1892 5,701,935"
Hero Power,Images\Hero Power\photo_2026-05-04_15-58-35.jpg,36,[TFRJNoOX,4954285,"36 [TFRJNoOX 4,954,285"
Hero Power,Images\Hero Power\photo_2026-05-04_15-58-36.jpg,28,[EVA]Penguin,5566644,"28 [EVA]Penguin 5,566,644"
Hero Power,Images\Hero Power\photo_2026-05-04_15-58-36.jpg,29,[TNS]Fritz,5492292,"29 [TNS]Fritz 5,492,292"
Hero Power,Images\Hero Power\photo_2026-05-04_15-58-36.jpg,30,[TFR]Dejw,5408587,"30 [TFR]Dejw 5,408,587"
Hero Power,Images\Hero Power\photo_2026-05-04_15-58-36.jpg,,LE [DEU]mandi101,5402670,"LE [DEU]mandi101 5,402,670"
Hero Power,Images\Hero Power\photo_2026-05-04_15-58-36.jpg,32,[TFR]Daiki,5368157,"32 [TFR]Daiki 5,368,157"
Hero Power,Images\Hero Power\photo_2026-05-04_15-58-36.jpg,34,[EVA]Lanny,5081370,"34 [EVA]Lanny 5,081,370"
Hero Power,Images\Hero Power\photo_2026-05-04_15-58-36.jpg,35,[TFR]Beatrix,5066484,"35 [TFR]Beatrix 5,066,484"
Hero Power,Images\Hero Power\photo_2026-05-04_15-58-36.jpg,36,[TFR]NoOX,4954285,"36 [TFR]NoOX 4,954,285"
Hero Power,Images\Hero Power\photo_2026-05-04_15-58-36.jpg,36,[TFRJNoOX,4954285,"36 [TFRJNoOX 4,954,285"
Hero Power,Images\Hero Power\photo_2026-05-04_15-58-37.jpg,37,[EVA]StarryLollis,4938198,"37 [EVA]StarryLollis 4,938,198"
Hero Power,Images\Hero Power\photo_2026-05-04_15-58-37.jpg,38,[TFR]Stru,4855809,"38 [TFR]Stru 4,855,809"
Hero Power,Images\Hero Power\photo_2026-05-04_15-58-37.jpg,6,Mew,4758950,"6 Mew 4,758,950"
Hero Power,Images\Hero Power\photo_2026-05-04_15-58-37.jpg,40,[TFR]defbox,4722610,"40 [TFR]defbox 4,722,610"
Hero Power,Images\Hero Power\photo_2026-05-04_15-58-37.jpg,41,[TFR]Gentle Daddy2,4678442,"41 [TFR]Gentle Daddy2 4,678,442"
Hero Power,Images\Hero Power\photo_2026-05-04_15-58-37.jpg,42,[TNS]Kings'landing,4673350,"42 [TNS]Kings'landing 4,673,350"
Hero Power,Images\Hero Power\photo_2026-05-04_15-58-37.jpg,43,[TFR]CroissantMan,4652739,"43 [TFR]CroissantMan 4,652,739"
Hero Power,Images\Hero Power\photo_2026-05-04_15-58-37.jpg,44,[EVA]瑪哉maya,4645717,"44 [EVA]瑪哉maya 4,645,717"
Hero Power,Images\Hero Power\photo_2026-05-04_15-58-37.jpg,45,[TFR]Son,4610260,"45 [TFR]Son 4,610,260"
Hero Power,Images\Hero Power\photo_2026-05-04_15-58-37.jpg,36,[TFRJNoOX,4954285,"36 [TFRJNoOX 4,954,285"
Hero Power,Images\Hero Power\photo_2026-05-04_15-58-38.jpg,46,[EVA]blue blue,4531257,"46 [EVA]blue blue 4,531,257"
Hero Power,Images\Hero Power\photo_2026-05-04_15-58-38.jpg,47,[TNS]xoX,4528427,"47 [TNS]xoX 4,528,427"
Hero Power,Images\Hero Power\photo_2026-05-04_15-58-38.jpg,48,[TFR]WhackedWake,4471737,"48 [TFR]WhackedWake 4,471,737"
Hero Power,Images\Hero Power\photo_2026-05-04_15-58-38.jpg,49,[DEU]Andy83,4430500,"49 [DEU]Andy83 4,430,500"
Hero Power,Images\Hero Power\photo_2026-05-04_15-58-38.jpg,50,[TNS]Lord Raider,4420694,"50 [TNS]Lord Raider 4,420,694"
Hero Power,Images\Hero Power\photo_2026-05-04_15-58-38.jpg,51,[TFR]Themistodoggo,4417782,"51 [TFR]Themistodoggo 4,417,782"
Hero Power,Images\Hero Power\photo_2026-05-04_15-58-38.jpg,52,[TFR]DoUzOsGR,4371865,"52 [TFR]DoUzOsGR 4,371,865"
Hero Power,Images\Hero Power\photo_2026-05-04_15-58-38.jpg,53,Hankerator,4359400,"53 Hankerator 4,359,400"
Hero Power,Images\Hero Power\photo_2026-05-04_15-58-38.jpg,54,[TNS]pho,4326902,"54 [TNS]pho 4,326,902"
Hero Power,Images\Hero Power\photo_2026-05-04_15-58-38.jpg,36,[TFRJNoOX,4954285,"36 [TFRJNoOX 4,954,285"
Hero Power,Images\Hero Power\photo_2026-05-04_15-58-39.jpg,55,[EVA]閃電五連鞭,4312475,"55 [EVA]閃電五連鞭 4,312,475"
Hero Power,Images\Hero Power\photo_2026-05-04_15-58-39.jpg,56,[TNS]MoonlightHill,4261810,"56 [TNS]MoonlightHill 4,261,810"
Hero Power,Images\Hero Power\photo_2026-05-04_15-58-39.jpg,57,[TNS-①0000①0,4243002,"57 [TNS-①0000①0 4,243,002"
Hero Power,Images\Hero Power\photo_2026-05-04_15-58-39.jpg,58,[TNS]Ssaintt,4212877,"58 [TNS]Ssaintt 4,212,877"
Hero Power,Images\Hero Power\photo_2026-05-04_15-58-39.jpg,59,[TFR]Mietek,4179260,"59 [TFR]Mietek 4,179,260"
Hero Power,Images\Hero Power\photo_2026-05-04_15-58-39.jpg,60,"[TFR],SHODI",4174084,"60 [TFR],SHODI 4,174,084"
Hero Power,Images\Hero Power\photo_2026-05-04_15-58-39.jpg,61,[EVA]Lorness,4159954,"61 [EVA]Lorness 4,159,954"
Hero Power,Images\Hero Power\photo_2026-05-04_15-58-39.jpg,62,?OO,4128061,"62 ?OO 4,128,061"
Hero Power,Images\Hero Power\photo_2026-05-04_15-58-39.jpg,63,[TFR]ThePsychologist,4088597,"63 [TFR]ThePsychologist 4,088,597"
Hero Power,Images\Hero Power\photo_2026-05-04_15-58-39.jpg,36,[TFRJNoOX,4954285,"36 [TFRJNoOX 4,954,285"
Hero Power,Images\Hero Power\photo_2026-05-04_15-58-40 (2).jpg,73,[TFR]Marna,3861860,"73 [TFR]Marna 3,861,860"
Hero Power,Images\Hero Power\photo_2026-05-04_15-58-40 (2).jpg,74,[TFR]Catts98,3859610,"74 [TFR]Catts98 3,859,610"
Hero Power,Images\Hero Power\photo_2026-05-04_15-58-40 (2).jpg,75,[D8F]The old dragon,3848857,"75 [D8F]The old dragon 3,848,857"
Hero Power,Images\Hero Power\photo_2026-05-04_15-58-40 (2).jpg,76,[EVA]PC_bbzz,3830164,"76 [EVA]PC_bbzz 3,830,164"
Hero Power,Images\Hero Power\photo_2026-05-04_15-58-40 (2).jpg,77,[EVA]KUBIAC,3819717,"77 [EVA]KUBIAC 3,819,717"
Hero Power,Images\Hero Power\photo_2026-05-04_15-58-40 (2).jpg,78,[EVA]KingOfTheERGUL,3787835,"78 [EVA]KingOfTheERGUL 3,787,835"
Hero Power,Images\Hero Power\photo_2026-05-04_15-58-40 (2).jpg,79,[EVA]Tyson Yoshi,3781250,"79 [EVA]Tyson Yoshi 3,781,250"
Hero Power,Images\Hero Power\photo_2026-05-04_15-58-40 (2).jpg,80,[DEU]lord pumpernickl,3764589,"80 [DEU]lord pumpernickl 3,764,589"
Hero Power,Images\Hero Power\photo_2026-05-04_15-58-40 (2).jpg,81,[EVA]JeabdE-{]-小雞,3763510,"81 [EVA]JeabdE-{]-小雞 3,763,510"
Hero Power,Images\Hero Power\photo_2026-05-04_15-58-40 (2).jpg,36,[TFRJNoOX,4954285,"36 [TFRJNoOX 4,954,285"
Hero Power,Images\Hero Power\photo_2026-05-04_15-58-40.jpg,64,[TFR]BK201,4075143,"64 [TFR]BK201 4,075,143"
Hero Power,Images\Hero Power\photo_2026-05-04_15-58-40.jpg,65,[TFRlimVaria,4073180,"65 [TFRlimVaria 4,073,180"
Hero Power,Images\Hero Power\photo_2026-05-04_15-58-40.jpg,66,[EVA]柳如煙,4069550,"66 [EVA]柳如煙 4,069,550"
Hero Power,Images\Hero Power\photo_2026-05-04_15-58-40.jpg,67,[TFR]LLuna,4063041,"67 [TFR]LLuna 4,063,041"
Hero Power,Images\Hero Power\photo_2026-05-04_15-58-40.jpg,68,[EVA]犬僧_MONK,3966822,"68 [EVA]犬僧_MONK 3,966,822"
Hero Power,Images\Hero Power\photo_2026-05-04_15-58-40.jpg,69,[TFR]chistie小叮,3957634,"69 [TFR]chistie小叮 3,957,634"
Hero Power,Images\Hero Power\photo_2026-05-04_15-58-40.jpg,70,[TNS]Akagami,3922490,"70 [TNS]Akagami 3,922,490"
Hero Power,Images\Hero Power\photo_2026-05-04_15-58-40.jpg,71,[DEU]Laiikmii,3896985,"71 [DEU]Laiikmii 3,896,985"
Hero Power,Images\Hero Power\photo_2026-05-04_15-58-40.jpg,72,sosopi,3867035,"72 sosopi 3,867,035"
Hero Power,Images\Hero Power\photo_2026-05-04_15-58-40.jpg,36,[TFRJNoOX,4954285,"36 [TFRJNoOX 4,954,285"
Hero Power,Images\Hero Power\photo_2026-05-04_15-58-42.jpg,82,[TFR)STEEL,3762955,"82 [TFR)STEEL 3,762,955"
Hero Power,Images\Hero Power\photo_2026-05-04_15-58-42.jpg,83,[TNS]6enaA BOpOHa,3741745,"83 [TNS]6enaA BOpOHa 3,741,745"
Hero Power,Images\Hero Power\photo_2026-05-04_15-58-42.jpg,84,[TNS]Landoogst,3737142,"84 [TNS]Landoogst 3,737,142"
Hero Power,Images\Hero Power\photo_2026-05-04_15-58-42.jpg,85,[TFR]Veri,3736241,"85 [TFR]Veri 3,736,241"
Hero Power,Images\Hero Power\photo_2026-05-04_15-58-42.jpg,86,[TNS]Loading000,3729545,"86 [TNS]Loading000 3,729,545"
Hero Power,Images\Hero Power\photo_2026-05-04_15-58-42.jpg,87,[EVA]蛋仔,3718852,"87 [EVA]蛋仔 3,718,852"
Hero Power,Images\Hero Power\photo_2026-05-04_15-58-42.jpg,88,[TFR]TXendGME,3692010,"88 [TFR]TXendGME 3,692,010"
Hero Power,Images\Hero Power\photo_2026-05-04_15-58-42.jpg,6,[TFR]Radinho,3655870,"06 [TFR]Radinho 3,655,870"
Hero Power,Images\Hero Power\photo_2026-05-04_15-58-42.jpg,36,[TFRJNoOX,4954285,"36 [TFRJNoOX 4,954,285"
Hero's Total Power,Images\Hero's Total Power\photo_2026-05-04_15-24-50.jpg,,TFRINickM,91623668,"TFRINickM 91,623,668"
Hero's Total Power,Images\Hero's Total Power\photo_2026-05-04_15-24-50.jpg,,.N.S. LFRYENSIEOS SEVACEN [TFR]Yensid08,85331736,".N.S. LFRYENSIEOS SEVACEN [TFR]Yensid08 85,331,736"
Hero's Total Power,Images\Hero's Total Power\photo_2026-05-04_15-24-50.jpg,3,[TFRJBRUMMBAR,85075998,"3 [TFRJBRUMMBAR 85,075,998"
Hero's Total Power,Images\Hero's Total Power\photo_2026-05-04_15-24-50.jpg,4,[TNS]Pikachu,66454341,"4 [TNS]Pikachu 66,454,341"
Hero's Total Power,Images\Hero's Total Power\photo_2026-05-04_15-24-50.jpg,5,[TFR]pentode,63848011,"5 [TFR]pentode 63,848,011"
Hero's Total Power,Images\Hero's Total Power\photo_2026-05-04_15-24-50.jpg,6,[EVA]MARC00127,63765723,"6 [EVA]MARC00127 63,765,723"
Hero's Total Power,Images\Hero's Total Power\photo_2026-05-04_15-24-50.jpg,7,[TFR]AdmiralKayne,59730132,"7 [TFR]AdmiralKayne 59,730,132"
Hero's Total Power,Images\Hero's Total Power\photo_2026-05-04_15-24-50.jpg,8,[EVA大明宫速至尊龍航全覆签WiF,58645303,"8 [EVA大明宫速至尊龍航全覆签WiF 58,645,303"
Hero's Total Power,Images\Hero's Total Power\photo_2026-05-04_15-24-50.jpg,6,[TFRJNoble Minion,52977180,"6 [TFRJNoble Minion 52,977,180"
Hero's Total Power,Images\Hero's Total Power\photo_2026-05-04_15-24-50.jpg,78,[TFRJNOOX,30584648,"78 [TFRJNOOX 30,584,648"
Hero's Total Power,Images\Hero's Total Power\photo_2026-05-04_16-02-17.jpg,,TFRINickM,91623668,"TFRINickM 91,623,668"
Hero's Total Power,Images\Hero's Total Power\photo_2026-05-04_16-02-17.jpg,,N.S.SEVARCEN FRYENSEOS [TFR]Yensid08,85331736,"N.S.SEVARCEN FRYENSEOS [TFR]Yensid08 85,331,736"
Hero's Total Power,Images\Hero's Total Power\photo_2026-05-04_16-02-17.jpg,3,[TFRJBRUMMBAR,85075998,"3 [TFRJBRUMMBAR 85,075,998"
Hero's Total Power,Images\Hero's Total Power\photo_2026-05-04_16-02-17.jpg,4,[TNS]Pikachu,66454341,"4 [TNS]Pikachu 66,454,341"
Hero's Total Power,Images\Hero's Total Power\photo_2026-05-04_16-02-17.jpg,5,[TFR]pentode,63848011,"5 [TFR]pentode 63,848,011"
Hero's Total Power,Images\Hero's Total Power\photo_2026-05-04_16-02-17.jpg,6,[EVA]MARC00127,63765723,"6 [EVA]MARC00127 63,765,723"
Hero's Total Power,Images\Hero's Total Power\photo_2026-05-04_16-02-17.jpg,7,[TFR]AdmiralKayne,59733919,"7 [TFR]AdmiralKayne 59,733,919"
Hero's Total Power,Images\Hero's Total Power\photo_2026-05-04_16-02-17.jpg,8,[EVA大明宫速至尊龍航全覆签WiF,58645303,"8 [EVA大明宫速至尊龍航全覆签WiF 58,645,303"
Hero's Total Power,Images\Hero's Total Power\photo_2026-05-04_16-02-17.jpg,6,[TFRJNoble Minion,52977180,"6 [TFRJNoble Minion 52,977,180"
Hero's Total Power,Images\Hero's Total Power\photo_2026-05-04_16-02-17.jpg,78,[TFRJNOOX,30584648,"78 [TFRJNOOX 30,584,648"
Hero's Total Power,Images\Hero's Total Power\photo_2026-05-04_16-02-19.jpg,10,[TFR]Chong,52818749,"10 [TFR]Chong 52,818,749"
Hero's Total Power,Images\Hero's Total Power\photo_2026-05-04_16-02-19.jpg,,L [TFR]STOP63KOR°,51050090,"L [TFR]STOP63KOR° 51,050,090"
Hero's Total Power,Images\Hero's Total Power\photo_2026-05-04_16-02-19.jpg,12,[TFR]Marrowgar,50857830,"12 [TFR]Marrowgar 50,857,830"
Hero's Total Power,Images\Hero's Total Power\photo_2026-05-04_16-02-19.jpg,13,[TFR]Lord Minion,50291876,"13 [TFR]Lord Minion 50,291,876"
Hero's Total Power,Images\Hero's Total Power\photo_2026-05-04_16-02-19.jpg,14,[EVA]刷刷刷刷刷刷,47785365,"14 [EVA]刷刷刷刷刷刷 47,785,365"
Hero's Total Power,Images\Hero's Total Power\photo_2026-05-04_16-02-19.jpg,15,[TNS]Daenerys,46806226,"15 [TNS]Daenerys 46,806,226"
Hero's Total Power,Images\Hero's Total Power\photo_2026-05-04_16-02-19.jpg,16,ALLYDUCANBEAM [TNS]Allyoucanbeam,46325138,"16 ALLYDUCANBEAM [TNS]Allyoucanbeam 46,325,138"
Hero's Total Power,Images\Hero's Total Power\photo_2026-05-04_16-02-19.jpg,17,[EVA]Minogue,45794285,"17 [EVA]Minogue 45,794,285"
Hero's Total Power,Images\Hero's Total Power\photo_2026-05-04_16-02-19.jpg,18,[EVA]夜游干吊僧,45102411,"18 [EVA]夜游干吊僧 45,102,411"
Hero's Total Power,Images\Hero's Total Power\photo_2026-05-04_16-02-19.jpg,78,[TFRJNOOX,30584648,"78 [TFRJNOOX 30,584,648"
Hero's Total Power,Images\Hero's Total Power\photo_2026-05-04_16-02-20.jpg,,L [TNS]BRONSON,44964964,"6L [TNS]BRONSON 44,964,964"
Hero's Total Power,Images\Hero's Total Power\photo_2026-05-04_16-02-20.jpg,20,[EVA]Charlie,43042264,"20 [EVA]Charlie 43,042,264"
Hero's Total Power,Images\Hero's Total Power\photo_2026-05-04_16-02-20.jpg,21,[EVA]Penguin,42282115,"21 [EVA]Penguin 42,282,115"
Hero's Total Power,Images\Hero's Total Power\photo_2026-05-04_16-02-20.jpg,22,[EVA]a依依eyiyi,41443992,"22 [EVA]a依依eyiyi 41,443,992"
Hero's Total Power,Images\Hero's Total Power\photo_2026-05-04_16-02-20.jpg,23,[EVA]耶稣也留不住他,40967347,"23 [EVA]耶稣也留不住他 40,967,347"
Hero's Total Power,Images\Hero's Total Power\photo_2026-05-04_16-02-20.jpg,24,[DEU]lord pumpernickl,40716731,"24 [DEU]lord pumpernickl 40,716,731"
Hero's Total Power,Images\Hero's Total Power\photo_2026-05-04_16-02-20.jpg,25,[TNS]SirLance,39875344,"25 [TNS]SirLance 39,875,344"
Hero's Total Power,Images\Hero's Total Power\photo_2026-05-04_16-02-20.jpg,26,[TFR]GentleDaddy2,39807551,"26 [TFR]GentleDaddy2 39,807,551"
Hero's Total Power,Images\Hero's Total Power\photo_2026-05-04_16-02-20.jpg,27,[TFR]Beatrix,39455281,"27 [TFR]Beatrix 39,455,281"
Hero's Total Power,Images\Hero's Total Power\photo_2026-05-04_16-02-20.jpg,78,[TFRJNOOX,30584648,"78 [TFRJNOOX 30,584,648"
Hero's Total Power,Images\Hero's Total Power\photo_2026-05-04_16-02-21.jpg,28,[TNS]Lord Raider,38663967,"28 [TNS]Lord Raider 38,663,967"
Hero's Total Power,Images\Hero's Total Power\photo_2026-05-04_16-02-21.jpg,29,[TNS]Fritz,37917880,"29 [TNS]Fritz 37,917,880"
Hero's Total Power,Images\Hero's Total Power\photo_2026-05-04_16-02-21.jpg,30,[DEU]Laiikmii,37770690,"30 [DEU]Laiikmii 37,770,690"
Hero's Total Power,Images\Hero's Total Power\photo_2026-05-04_16-02-21.jpg,,LE [DEU]mandi101,37577109,"LE [DEU]mandi101 37,577,109"
Hero's Total Power,Images\Hero's Total Power\photo_2026-05-04_16-02-21.jpg,32,[DEU]Andy83,37558927,"32 [DEU]Andy83 37,558,927"
Hero's Total Power,Images\Hero's Total Power\photo_2026-05-04_16-02-21.jpg,33,[TNS]Landoogst,37305801,"33 [TNS]Landoogst 37,305,801"
Hero's Total Power,Images\Hero's Total Power\photo_2026-05-04_16-02-21.jpg,34,[EVA]Lanny,36948078,"34 [EVA]Lanny 36,948,078"
Hero's Total Power,Images\Hero's Total Power\photo_2026-05-04_16-02-21.jpg,35,[EVA]StarryLollis,36305126,"35 [EVA]StarryLollis 36,305,126"
Hero's Total Power,Images\Hero's Total Power\photo_2026-05-04_16-02-21.jpg,36,TEVAJPC_bbzz,36280292,"36 TEVAJPC_bbzz 36,280,292"
Hero's Total Power,Images\Hero's Total Power\photo_2026-05-04_16-02-21.jpg,78,[TFRJNOOX,30584648,"78 [TFRJNOOX 30,584,648"
Hero's Total Power,Images\Hero's Total Power\photo_2026-05-04_16-02-22.jpg,37,[TNS]SiPeNee,35898245,"37 [TNS]SiPeNee 35,898,245"
Hero's Total Power,Images\Hero's Total Power\photo_2026-05-04_16-02-22.jpg,38,[EVA]Tyson Yoshi,35476143,"38 [EVA]Tyson Yoshi 35,476,143"
Hero's Total Power,Images\Hero's Total Power\photo_2026-05-04_16-02-22.jpg,6,[TNS]AIboba,35372580,"6 [TNS]AIboba 35,372,580"
Hero's Total Power,Images\Hero's Total Power\photo_2026-05-04_16-02-22.jpg,40,[TFR]Marna,35157258,"40 [TFR]Marna 35,157,258"
Hero's Total Power,Images\Hero's Total Power\photo_2026-05-04_16-02-22.jpg,41,[TFR]Sparrow,35039830,"41 [TFR]Sparrow 35,039,830"
Hero's Total Power,Images\Hero's Total Power\photo_2026-05-04_16-02-22.jpg,42,[RAW]soon,35033810,"42 [RAW]soon 35,033,810"
Hero's Total Power,Images\Hero's Total Power\photo_2026-05-04_16-02-22.jpg,43,[TFR]CroissantMan,34868092,"43 [TFR]CroissantMan 34,868,092"
Hero's Total Power,Images\Hero's Total Power\photo_2026-05-04_16-02-22.jpg,44,[TFR]Stru,34713565,"44 [TFR]Stru 34,713,565"
Hero's Total Power,Images\Hero's Total Power\photo_2026-05-04_16-02-22.jpg,45,[EVA]瑪哉maya,34220725,"45 [EVA]瑪哉maya 34,220,725"
Hero's Total Power,Images\Hero's Total Power\photo_2026-05-04_16-02-22.jpg,78,[TFRJNOOX,30584648,"78 [TFRJNOOX 30,584,648"
Hero's Total Power,Images\Hero's Total Power\photo_2026-05-04_16-02-23.jpg,46,[TFR]Bart Simpson,34130541,"46 [TFR]Bart Simpson 34,130,541"
Hero's Total Power,Images\Hero's Total Power\photo_2026-05-04_16-02-23.jpg,47,[RAW]YNWA1892,34018190,"47 [RAW]YNWA1892 34,018,190"
Hero's Total Power,Images\Hero's Total Power\photo_2026-05-04_16-02-23.jpg,48,[TFR]TcXendGME,33977453,"48 [TFR]TcXendGME 33,977,453"
Hero's Total Power,Images\Hero's Total Power\photo_2026-05-04_16-02-23.jpg,49,[RAW]Spenalson,33882826,"49 [RAW]Spenalson 33,882,826"
Hero's Total Power,Images\Hero's Total Power\photo_2026-05-04_16-02-23.jpg,50,[TFR]Themistodoggo,33881885,"50 [TFR]Themistodoggo 33,881,885"
Hero's Total Power,Images\Hero's Total Power\photo_2026-05-04_16-02-23.jpg,51,[TNS]Loading0oo,33626553,"51 [TNS]Loading0oo 33,626,553"
Hero's Total Power,Images\Hero's Total Power\photo_2026-05-04_16-02-23.jpg,52,[TFR]ThePsychologist,33520132,"52 [TFR]ThePsychologist 33,520,132"
Hero's Total Power,Images\Hero's Total Power\photo_2026-05-04_16-02-23.jpg,53,[TFR]Radinho,33023103,"53 [TFR]Radinho 33,023,103"
Hero's Total Power,Images\Hero's Total Power\photo_2026-05-04_16-02-23.jpg,54,[TNS]Ssaintt,32871024,"54 [TNS]Ssaintt 32,871,024"
Hero's Total Power,Images\Hero's Total Power\photo_2026-05-04_16-02-23.jpg,78,[TFRJNOOX,30584648,"78 [TFRJNOOX 30,584,648"
Hero's Total Power,Images\Hero's Total Power\photo_2026-05-04_16-02-24.jpg,55,[RAW]Ragnar ll,32698216,"55 [RAW]Ragnar ll 32,698,216"
Hero's Total Power,Images\Hero's Total Power\photo_2026-05-04_16-02-24.jpg,56,[TNS]Jackal,32483554,"56 [TNS]Jackal 32,483,554"
Hero's Total Power,Images\Hero's Total Power\photo_2026-05-04_16-02-24.jpg,57,[RAW]tA11um27,32409287,"57 [RAW]tA11um27 32,409,287"
Hero's Total Power,Images\Hero's Total Power\photo_2026-05-04_16-02-24.jpg,58,[TNS]barny,32379332,"58 [TNS]barny 32,379,332"
Hero's Total Power,Images\Hero's Total Power\photo_2026-05-04_16-02-24.jpg,60,[DEU]Maddy,32209337,"60 [DEU]Maddy 32,209,337"
Hero's Total Power,Images\Hero's Total Power\photo_2026-05-04_16-02-24.jpg,61,[TFRIsuliman,32167969,"61 [TFRIsuliman 32,167,969"
Hero's Total Power,Images\Hero's Total Power\photo_2026-05-04_16-02-24.jpg,62,[TNS]Eevee,32133000,"62 [TNS]Eevee 32,133,000"
Hero's Total Power,Images\Hero's Total Power\photo_2026-05-04_16-02-24.jpg,63,[EVA]周有,32118941,"63 [EVA]周有 32,118,941"
Hero's Total Power,Images\Hero's Total Power\photo_2026-05-04_16-02-24.jpg,78,[TFRJNOOX,30584648,"78 [TFRJNOOX 30,584,648"
Hero's Total Power,Images\Hero's Total Power\photo_2026-05-04_16-02-25.jpg,64,[RAW]Andy,32025460,"64 [RAW]Andy 32,025,460"
Hero's Total Power,Images\Hero's Total Power\photo_2026-05-04_16-02-25.jpg,65,[TFR]Tinix,31858839,"65 [TFR]Tinix 31,858,839"
Hero's Total Power,Images\Hero's Total Power\photo_2026-05-04_16-02-25.jpg,66,[TNS]110,31854178,"66 [TNS]110 31,854,178"
Hero's Total Power,Images\Hero's Total Power\photo_2026-05-04_16-02-25.jpg,67,[TFR]defbox,31787104,"67 [TFR]defbox 31,787,104"
Hero's Total Power,Images\Hero's Total Power\photo_2026-05-04_16-02-25.jpg,68,[EVA]P4radox,31587814,"68 [EVA]P4radox 31,587,814"
Hero's Total Power,Images\Hero's Total Power\photo_2026-05-04_16-02-25.jpg,69,[TNS]Kings'landing,31412483,"69 [TNS]Kings'landing 31,412,483"
Hero's Total Power,Images\Hero's Total Power\photo_2026-05-04_16-02-25.jpg,70,[EVA]星冰乐,31321356,"70 [EVA]星冰乐 31,321,356"
Hero's Total Power,Images\Hero's Total Power\photo_2026-05-04_16-02-25.jpg,71,[TFR]LadyCarnage,31289182,"71 [TFR]LadyCarnage 31,289,182"
Hero's Total Power,Images\Hero's Total Power\photo_2026-05-04_16-02-25.jpg,72,Mew,31243235,"72 Mew 31,243,235"
Hero's Total Power,Images\Hero's Total Power\photo_2026-05-04_16-02-25.jpg,78,[TFRJNOOX,30584648,"78 [TFRJNOOX 30,584,648"
Hero's Total Power,Images\Hero's Total Power\photo_2026-05-04_16-02-30.jpg,73,[TFR]Son,31230835,"73 [TFR]Son 31,230,835"
Hero's Total Power,Images\Hero's Total Power\photo_2026-05-04_16-02-30.jpg,74,[EVA]闪電五連鞭,31228933,"74 [EVA]闪電五連鞭 31,228,933"
Hero's Total Power,Images\Hero's Total Power\photo_2026-05-04_16-02-30.jpg,75,sosopi,30936043,"75 sosopi 30,936,043"
Hero's Total Power,Images\Hero's Total Power\photo_2026-05-04_16-02-30.jpg,76,[TFR]-hstie小叮,30796254,"76 [TFR]-hstie小叮 30,796,254"
Hero's Total Power,Images\Hero's Total Power\photo_2026-05-04_16-02-30.jpg,77,PrOgram3rr0r,30793529,"77 PrOgram3rr0r 30,793,529"
Hero's Total Power,Images\Hero's Total Power\photo_2026-05-04_16-02-30.jpg,78,[TFR]NoOX,30584648,"78 [TFR]NoOX 30,584,648"
Hero's Total Power,Images\Hero's Total Power\photo_2026-05-04_16-02-30.jpg,79,[EVA]犬僧_MONK,30575790,"79 [EVA]犬僧_MONK 30,575,790"
Hero's Total Power,Images\Hero's Total Power\photo_2026-05-04_16-02-30.jpg,80,[TFR]Lady Chaos,30555636,"80 [TFR]Lady Chaos 30,555,636"
Hero's Total Power,Images\Hero's Total Power\photo_2026-05-04_16-02-30.jpg,81,[EVA]Nightshadow2601,30470340,"81 [EVA]Nightshadow2601 30,470,340"
Hero's Total Power,Images\Hero's Total Power\photo_2026-05-04_16-02-30.jpg,78,[TFRJNOOX,30584648,"78 [TFRJNOOX 30,584,648"
Hero's Total Power,Images\Hero's Total Power\photo_2026-05-04_16-03-15.jpg,82,[EVA]蛋仔,30146955,"82 [EVA]蛋仔 30,146,955"
Hero's Total Power,Images\Hero's Total Power\photo_2026-05-04_16-03-15.jpg,83,[EVA]Pyramid,30108455,"83 [EVA]Pyramid 30,108,455"
Hero's Total Power,Images\Hero's Total Power\photo_2026-05-04_16-03-15.jpg,84,[TNS]Hygieia,30084341,"84 [TNS]Hygieia 30,084,341"
Hero's Total Power,Images\Hero's Total Power\photo_2026-05-04_16-03-15.jpg,85,[TFR]Veri,30033033,"85 [TFR]Veri 30,033,033"
Hero's Total Power,Images\Hero's Total Power\photo_2026-05-04_16-03-15.jpg,86,[TFR]DoUzOsGR,30028144,"86 [TFR]DoUzOsGR 30,028,144"
Hero's Total Power,Images\Hero's Total Power\photo_2026-05-04_16-03-15.jpg,87,[TNS],29985744,"87 [TNS] 29,985,744"
Hero's Total Power,Images\Hero's Total Power\photo_2026-05-04_16-03-15.jpg,88,[TNS]baby Pikachu,29970323,"88 [TNS]baby Pikachu 29,970,323"
Hero's Total Power,Images\Hero's Total Power\photo_2026-05-04_16-03-15.jpg,89,[DEU]Lucyndra,29939329,"89 [DEU]Lucyndra 29,939,329"
Hero's Total Power,Images\Hero's Total Power\photo_2026-05-04_16-03-15.jpg,90,[TNS]Disco Cat,29903046,"90 [TNS]Disco Cat 29,903,046"
Hero's Total Power,Images\Hero's Total Power\photo_2026-05-04_16-03-15.jpg,78,[TFRJNOOX,30584648,"78 [TFRJNOOX 30,584,648"
Hero's Total Power,Images\Hero's Total Power\photo_2026-05-04_16-03-16.jpg,,L6 [TFR]Desillusionierer,29852536,"L6 [TFR]Desillusionierer 29,852,536"
Hero's Total Power,Images\Hero's Total Power\photo_2026-05-04_16-03-16.jpg,92,[EVA]慢半拍,29851968,"92 [EVA]慢半拍 29,851,968"
Hero's Total Power,Images\Hero's Total Power\photo_2026-05-04_16-03-16.jpg,6,[TNS]Pappaguru,29846054,"6 [TNS]Pappaguru 29,846,054"
Hero's Total Power,Images\Hero's Total Power\photo_2026-05-04_16-03-16.jpg,94,[TFR]Dejw,29832524,"94 [TFR]Dejw 29,832,524"
Hero's Total Power,Images\Hero's Total Power\photo_2026-05-04_16-03-16.jpg,95,[TFRjOnlyHuman,29742765,"95 [TFRjOnlyHuman 29,742,765"
Hero's Total Power,Images\Hero's Total Power\photo_2026-05-04_16-03-16.jpg,96,[TFR]Mietek,29638187,"96 [TFR]Mietek 29,638,187"
Hero's Total Power,Images\Hero's Total Power\photo_2026-05-04_16-03-16.jpg,,L6,29618298,"L6 29,618,298"
Hero's Total Power,Images\Hero's Total Power\photo_2026-05-04_16-03-16.jpg,98,[],29543193,"98 [] 29,543,193"
Hero's Total Power,Images\Hero's Total Power\photo_2026-05-04_16-03-16.jpg,66,[TNS]eeedowrah,29532945,"66 [TNS]eeedowrah 29,532,945"
Hero's Total Power,Images\Hero's Total Power\photo_2026-05-04_16-03-16.jpg,78,[TFRJNOOX,30584648,"78 [TFRJNOOX 30,584,648"
Hero's Total Power,Images\Hero's Total Power\photo_2026-05-04_16-03-17.jpg,92,[EVA]慢半拍,29851968,"92 [EVA]慢半拍 29,851,968"
Hero's Total Power,Images\Hero's Total Power\photo_2026-05-04_16-03-17.jpg,,[TNS]Pappaguru,29846054,"[TNS]Pappaguru 29,846,054"
Hero's Total Power,Images\Hero's Total Power\photo_2026-05-04_16-03-17.jpg,94,[TFR]Dejw,29832524,"94 [TFR]Dejw 29,832,524"
Hero's Total Power,Images\Hero's Total Power\photo_2026-05-04_16-03-17.jpg,95,[TFR]OnlyHuman,29742765,"95 [TFR]OnlyHuman 29,742,765"
Hero's Total Power,Images\Hero's Total Power\photo_2026-05-04_16-03-17.jpg,96,TFRJMietek,29638187,"96 TFRJMietek 29,638,187"
Hero's Total Power,Images\Hero's Total Power\photo_2026-05-04_16-03-17.jpg,98,0品[],29543193,"98 0品[] 29,543,193"
Hero's Total Power,Images\Hero's Total Power\photo_2026-05-04_16-03-17.jpg,66,[TNS]eeedowrah,29532945,"66 [TNS]eeedowrah 29,532,945"
Hero's Total Power,Images\Hero's Total Power\photo_2026-05-04_16-03-17.jpg,100,[DEU]Kralice,29514635,"100 [DEU]Kralice 29,514,635"
Hero's Total Power,Images\Hero's Total Power\photo_2026-05-04_16-03-17.jpg,78,[TFRJNOOX,30584648,"78 [TFRJNOOX 30,584,648"
Total Pet Power,Images\Total Pet Power\photo_2026-05-04_15-24-48.jpg,,FRYENSIEOE [TFR]Yensid08,33852960,"FRYENSIEOE [TFR]Yensid08 33,852,960"
Total Pet Power,Images\Total Pet Power\photo_2026-05-04_15-24-48.jpg,,[TFRJNickM,31884600,"[TFRJNickM 31,884,600"
Total Pet Power,Images\Total Pet Power\photo_2026-05-04_15-24-48.jpg,3,[TFRlpentode,25731600,"3 [TFRlpentode 25,731,600"
Total Pet Power,Images\Total Pet Power\photo_2026-05-04_15-24-48.jpg,4,[TFR]BRUMMBAR,24294720,"4 [TFR]BRUMMBAR 24,294,720"
Total Pet Power,Images\Total Pet Power\photo_2026-05-04_15-24-48.jpg,5,[TNS]Pikachu,22009440,"5 [TNS]Pikachu 22,009,440"
Total Pet Power,Images\Total Pet Power\photo_2026-05-04_15-24-48.jpg,6,[EVA]MARC00127,19971240,"6 [EVA]MARC00127 19,971,240"
Total Pet Power,Images\Total Pet Power\photo_2026-05-04_15-24-48.jpg,7,EVA大明宫速至尊能服全覆WIiFi,18274680,"7 EVA大明宫速至尊能服全覆WIiFi 18,274,680"
Total Pet Power,Images\Total Pet Power\photo_2026-05-04_15-24-48.jpg,8,[TFRjAdmiralKayne,17735400,"8 [TFRjAdmiralKayne 17,735,400"
Total Pet Power,Images\Total Pet Power\photo_2026-05-04_15-24-48.jpg,6,ALLYOUCANBEAM [TNS]Allyoucanbeam,17575560,"6 ALLYOUCANBEAM [TNS]Allyoucanbeam 17,575,560"
Total Pet Power,Images\Total Pet Power\photo_2026-05-04_15-24-48.jpg,75,[TFRJNOOX,14788560,"75 [TFRJNOOX 14,788,560"
Total Pet Power,Images\Total Pet Power\photo_2026-05-04_16-07-11.jpg,,.N.S FRYENSIEOE EYACEN [TFR]Yensid08,33852960,".N.S FRYENSIEOE EYACEN [TFR]Yensid08 33,852,960"
Total Pet Power,Images\Total Pet Power\photo_2026-05-04_16-07-11.jpg,,[TFR]NickM,31884600,"[TFR]NickM 31,884,600"
Total Pet Power,Images\Total Pet Power\photo_2026-05-04_16-07-11.jpg,3,[TFR]pentode,25731600,"3 [TFR]pentode 25,731,600"
Total Pet Power,Images\Total Pet Power\photo_2026-05-04_16-07-11.jpg,4,[TFRJBRUMMBAR,24294720,"4 [TFRJBRUMMBAR 24,294,720"
Total Pet Power,Images\Total Pet Power\photo_2026-05-04_16-07-11.jpg,5,[TNS]Pikachu,22009440,"5 [TNS]Pikachu 22,009,440"
Total Pet Power,Images\Total Pet Power\photo_2026-05-04_16-07-11.jpg,6,[EVA]MARC00127,19971240,"6 [EVA]MARC00127 19,971,240"
Total Pet Power,Images\Total Pet Power\photo_2026-05-04_16-07-11.jpg,7,[EVA大明宫速至尊能服全覆益WIFi,18274680,"7 [EVA大明宫速至尊能服全覆益WIFi 18,274,680"
Total Pet Power,Images\Total Pet Power\photo_2026-05-04_16-07-11.jpg,8,[TFR]AdmiralKayne,17735400,"8 [TFR]AdmiralKayne 17,735,400"
Total Pet Power,Images\Total Pet Power\photo_2026-05-04_16-07-11.jpg,6,ALLYOUCANBEAM [TNS]Allyoucanbeam,17575560,"6 ALLYOUCANBEAM [TNS]Allyoucanbeam 17,575,560"
Total Pet Power,Images\Total Pet Power\photo_2026-05-04_16-07-11.jpg,75,[TFRJNOOX,14788560,"75 [TFRJNOOX 14,788,560"
Total Pet Power,Images\Total Pet Power\photo_2026-05-04_16-07-12.jpg,10,[DEU]lord pumpernickl,16906560,"10 [DEU]lord pumpernickl 16,906,560"
Total Pet Power,Images\Total Pet Power\photo_2026-05-04_16-07-12.jpg,11,[TNS]SiPeNee,16881120,"11 [TNS]SiPeNee 16,881,120"
Total Pet Power,Images\Total Pet Power\photo_2026-05-04_16-07-12.jpg,12,[TFR]Lord Minion,16813920,"12 [TFR]Lord Minion 16,813,920"
Total Pet Power,Images\Total Pet Power\photo_2026-05-04_16-07-12.jpg,13,[TFR]Noble Minion,16650600,"13 [TFR]Noble Minion 16,650,600"
Total Pet Power,Images\Total Pet Power\photo_2026-05-04_16-07-12.jpg,14,[EVA]Minogue,16522800,"14 [EVA]Minogue 16,522,800"
Total Pet Power,Images\Total Pet Power\photo_2026-05-04_16-07-12.jpg,15,[TNS]Daenerys,16487640,"15 [TNS]Daenerys 16,487,640"
Total Pet Power,Images\Total Pet Power\photo_2026-05-04_16-07-12.jpg,16,[EVA]刷刷刷刷刷刷,16347600,"16 [EVA]刷刷刷刷刷刷 16,347,600"
Total Pet Power,Images\Total Pet Power\photo_2026-05-04_16-07-12.jpg,17,[EVA]夜游干吊僧,16332360,"17 [EVA]夜游干吊僧 16,332,360"
Total Pet Power,Images\Total Pet Power\photo_2026-05-04_16-07-12.jpg,18,[RAW]Spenalson,16199400,"18 [RAW]Spenalson 16,199,400"
Total Pet Power,Images\Total Pet Power\photo_2026-05-04_16-07-12.jpg,75,[TFRJNOOX,14788560,"75 [TFRJNOOX 14,788,560"
Total Pet Power,Images\Total Pet Power\photo_2026-05-04_16-07-15.jpg,,L [TNS]Fritz,15938520,"6L [TNS]Fritz 15,938,520"
Total Pet Power,Images\Total Pet Power\photo_2026-05-04_16-07-15.jpg,20,[TNS]wolala,15806640,"20 [TNS]wolala 15,806,640"
Total Pet Power,Images\Total Pet Power\photo_2026-05-04_16-07-15.jpg,21,[EVA]Tyson Yoshi,15794880,"21 [EVA]Tyson Yoshi 15,794,880"
Total Pet Power,Images\Total Pet Power\photo_2026-05-04_16-07-15.jpg,22,[EVA]StarryLolli's,15653640,"22 [EVA]StarryLolli's 15,653,640"
Total Pet Power,Images\Total Pet Power\photo_2026-05-04_16-07-15.jpg,23,[TNS]Taylor,15651720,"23 [TNS]Taylor 15,651,720"
Total Pet Power,Images\Total Pet Power\photo_2026-05-04_16-07-15.jpg,24,[DEU]mandi101,15640800,"24 [DEU]mandi101 15,640,800"
Total Pet Power,Images\Total Pet Power\photo_2026-05-04_16-07-15.jpg,25,[RAW]soon,15636600,"25 [RAW]soon 15,636,600"
Total Pet Power,Images\Total Pet Power\photo_2026-05-04_16-07-15.jpg,26,[TFR]Guat,15552960,"26 [TFR]Guat 15,552,960"
Total Pet Power,Images\Total Pet Power\photo_2026-05-04_16-07-15.jpg,27,[RAW]YNWA1892,15492600,"27 [RAW]YNWA1892 15,492,600"
Total Pet Power,Images\Total Pet Power\photo_2026-05-04_16-07-15.jpg,75,[TFRJNOOX,14788560,"75 [TFRJNOOX 14,788,560"
Total Pet Power,Images\Total Pet Power\photo_2026-05-04_16-07-16.jpg,28,[TFR]CroissantMan,15492000,"28 [TFR]CroissantMan 15,492,000"
Total Pet Power,Images\Total Pet Power\photo_2026-05-04_16-07-16.jpg,29,[TNS]Hygieia,15479040,"29 [TNS]Hygieia 15,479,040"
Total Pet Power,Images\Total Pet Power\photo_2026-05-04_16-07-16.jpg,30,[EVA]慢半拍,15459120,"30 [EVA]慢半拍 15,459,120"
Total Pet Power,Images\Total Pet Power\photo_2026-05-04_16-07-16.jpg,,LE [RAW]Catley,15452640,"LE [RAW]Catley 15,452,640"
Total Pet Power,Images\Total Pet Power\photo_2026-05-04_16-07-16.jpg,32,[TFR]defbox,15430320,"32 [TFR]defbox 15,430,320"
Total Pet Power,Images\Total Pet Power\photo_2026-05-04_16-07-16.jpg,33,[TNS]NarendraSen,15419760,"33 [TNS]NarendraSen 15,419,760"
Total Pet Power,Images\Total Pet Power\photo_2026-05-04_16-07-16.jpg,34,[TFR]Dejw,15410040,"34 [TFR]Dejw 15,410,040"
Total Pet Power,Images\Total Pet Power\photo_2026-05-04_16-07-16.jpg,35,[EVA]Lanny,15390600,"35 [EVA]Lanny 15,390,600"
Total Pet Power,Images\Total Pet Power\photo_2026-05-04_16-07-16.jpg,36,[TFR]Bart Simpson,15361440,"36 [TFR]Bart Simpson 15,361,440"
Total Pet Power,Images\Total Pet Power\photo_2026-05-04_16-07-16.jpg,75,[TFRJNOOX,14788560,"75 [TFRJNOOX 14,788,560"
Total Pet Power,Images\Total Pet Power\photo_2026-05-04_16-07-17.jpg,37,[TFR]ESTOPG3KOR°,15338280,"37 [TFR]ESTOPG3KOR° 15,338,280"
Total Pet Power,Images\Total Pet Power\photo_2026-05-04_16-07-17.jpg,38,[TNS],15303840,"38 [TNS] 15,303,840"
Total Pet Power,Images\Total Pet Power\photo_2026-05-04_16-07-17.jpg,40,[TFR]Spartacus,15289680,"40 [TFR]Spartacus 15,289,680"
Total Pet Power,Images\Total Pet Power\photo_2026-05-04_16-07-17.jpg,41,[EVA]Wing Chun,15282480,"41 [EVA]Wing Chun 15,282,480"
Total Pet Power,Images\Total Pet Power\photo_2026-05-04_16-07-17.jpg,42,[TNS-①①,15275760,"42 [TNS-①① 15,275,760"
Total Pet Power,Images\Total Pet Power\photo_2026-05-04_16-07-17.jpg,43,[TFR]Themistodoggo,15243960,"43 [TFR]Themistodoggo 15,243,960"
Total Pet Power,Images\Total Pet Power\photo_2026-05-04_16-07-17.jpg,44,[RAW]tA11um27,15230400,"44 [RAW]tA11um27 15,230,400"
Total Pet Power,Images\Total Pet Power\photo_2026-05-04_16-07-17.jpg,45,[RAW]cheng,15222360,"45 [RAW]cheng 15,222,360"
Total Pet Power,Images\Total Pet Power\photo_2026-05-04_16-07-17.jpg,75,[TFRJNOOX,14788560,"75 [TFRJNOOX 14,788,560"
Total Pet Power,Images\Total Pet Power\photo_2026-05-04_16-07-18.jpg,46,[EVAjblue blue,15174600,"46 [EVAjblue blue 15,174,600"
Total Pet Power,Images\Total Pet Power\photo_2026-05-04_16-07-18.jpg,47,[RAW]Lord Yousef,15153360,"47 [RAW]Lord Yousef 15,153,360"
Total Pet Power,Images\Total Pet Power\photo_2026-05-04_16-07-18.jpg,48,[DEU]Maddy,15149160,"48 [DEU]Maddy 15,149,160"
Total Pet Power,Images\Total Pet Power\photo_2026-05-04_16-07-18.jpg,49,[TFR]Chong,15138840,"49 [TFR]Chong 15,138,840"
Total Pet Power,Images\Total Pet Power\photo_2026-05-04_16-07-18.jpg,51,[TNS]AIboba,15073800,"51 [TNS]AIboba 15,073,800"
Total Pet Power,Images\Total Pet Power\photo_2026-05-04_16-07-18.jpg,52,[TNS]Kings'landing,15070440,"52 [TNS]Kings'landing 15,070,440"
Total Pet Power,Images\Total Pet Power\photo_2026-05-04_16-07-18.jpg,53,[TFR]Stru,15069720,"53 [TFR]Stru 15,069,720"
Total Pet Power,Images\Total Pet Power\photo_2026-05-04_16-07-18.jpg,54,[TNS]Loading000,15013680,"54 [TNS]Loading000 15,013,680"
Total Pet Power,Images\Total Pet Power\photo_2026-05-04_16-07-18.jpg,75,[TFRJNOOX,14788560,"75 [TFRJNOOX 14,788,560"
Total Pet Power,Images\Total Pet Power\photo_2026-05-04_16-07-19.jpg,55,[DEU]Kralice,15006720,"55 [DEU]Kralice 15,006,720"
Total Pet Power,Images\Total Pet Power\photo_2026-05-04_16-07-19.jpg,56,[TFR]Firenze,14998440,"56 [TFR]Firenze 14,998,440"
Total Pet Power,Images\Total Pet Power\photo_2026-05-04_16-07-19.jpg,57,[DEU]Hades,14947680,"57 [DEU]Hades 14,947,680"
Total Pet Power,Images\Total Pet Power\photo_2026-05-04_16-07-19.jpg,58,sosopi,14947440,"58 sosopi 14,947,440"
Total Pet Power,Images\Total Pet Power\photo_2026-05-04_16-07-19.jpg,59,[EVA]P4radox,14925480,"59 [EVA]P4radox 14,925,480"
Total Pet Power,Images\Total Pet Power\photo_2026-05-04_16-07-19.jpg,60,[RAW]Andy,14923200,"60 [RAW]Andy 14,923,200"
Total Pet Power,Images\Total Pet Power\photo_2026-05-04_16-07-19.jpg,61,[TNS]xox,14909040,"61 [TNS]xox 14,909,040"
Total Pet Power,Images\Total Pet Power\photo_2026-05-04_16-07-19.jpg,62,[TFR]Tc+XendGME,14895960,"62 [TFR]Tc+XendGME 14,895,960"
Total Pet Power,Images\Total Pet Power\photo_2026-05-04_16-07-19.jpg,63,[TNS]barny,14894760,"63 [TNS]barny 14,894,760"
Total Pet Power,Images\Total Pet Power\photo_2026-05-04_16-07-19.jpg,75,[TFRJNOOX,14788560,"75 [TFRJNOOX 14,788,560"
Total Pet Power,Images\Total Pet Power\photo_2026-05-04_16-07-20.jpg,64,[D8F]Mamie Tsunade,14888280,"64 [D8F]Mamie Tsunade 14,888,280"
Total Pet Power,Images\Total Pet Power\photo_2026-05-04_16-07-20.jpg,65,[TFR]Desillusionierer,14883960,"65 [TFR]Desillusionierer 14,883,960"
Total Pet Power,Images\Total Pet Power\photo_2026-05-04_16-07-20.jpg,66,[TFR]FSMHAN,14878560,"66 [TFR]FSMHAN 14,878,560"
Total Pet Power,Images\Total Pet Power\photo_2026-05-04_16-07-20.jpg,67,[TFR]ThePsychologist,14866440,"67 [TFR]ThePsychologist 14,866,440"
Total Pet Power,Images\Total Pet Power\photo_2026-05-04_16-07-20.jpg,68,[TNS]Jackal,14846760,"68 [TNS]Jackal 14,846,760"
Total Pet Power,Images\Total Pet Power\photo_2026-05-04_16-07-20.jpg,69,[EVA]Penguin,14836680,"69 [EVA]Penguin 14,836,680"
Total Pet Power,Images\Total Pet Power\photo_2026-05-04_16-07-20.jpg,70,[TFR]DoUzOsGR,14823960,"70 [TFR]DoUzOsGR 14,823,960"
Total Pet Power,Images\Total Pet Power\photo_2026-05-04_16-07-20.jpg,71,[DEU]Laiiikmii,14819760,"71 [DEU]Laiiikmii 14,819,760"
Total Pet Power,Images\Total Pet Power\photo_2026-05-04_16-07-20.jpg,72,[TNS]6ena9BOpOHa,14814000,"72 [TNS]6ena9BOpOHa 14,814,000"
Total Pet Power,Images\Total Pet Power\photo_2026-05-04_16-07-20.jpg,75,[TFRJNOOX,14788560,"75 [TFRJNOOX 14,788,560"
Total Pet Power,Images\Total Pet Power\photo_2026-05-04_16-07-21.jpg,73,[EVA]米糕玄師,14811720,"73 [EVA]米糕玄師 14,811,720"
Total Pet Power,Images\Total Pet Power\photo_2026-05-04_16-07-21.jpg,74,[RAW]putanak,14803800,"74 [RAW]putanak 14,803,800"
Total Pet Power,Images\Total Pet Power\photo_2026-05-04_16-07-21.jpg,75,[TFRJNoOX,14788560,"75 [TFRJNoOX 14,788,560"
Total Pet Power,Images\Total Pet Power\photo_2026-05-04_16-07-21.jpg,76,[TNS]Gosufish,14771400,"76 [TNS]Gosufish 14,771,400"
Total Pet Power,Images\Total Pet Power\photo_2026-05-04_16-07-21.jpg,77,[TFR]WhackedWake,14763360,"77 [TFR]WhackedWake 14,763,360"
Total Pet Power,Images\Total Pet Power\photo_2026-05-04_16-07-21.jpg,78,[TFR]Son,14752440,"78 [TFR]Son 14,752,440"
Total Pet Power,Images\Total Pet Power\photo_2026-05-04_16-07-21.jpg,80,[TFR]suliman,14733960,"80 [TFR]suliman 14,733,960"
Total Pet Power,Images\Total Pet Power\photo_2026-05-04_16-07-21.jpg,81,[TFR]KCIN,14712720,"81 [TFR]KCIN 14,712,720"
Total Pet Power,Images\Total Pet Power\photo_2026-05-04_16-07-21.jpg,75,[TFRJNOOX,14788560,"75 [TFRJNOOX 14,788,560"
Total Pet Power,Images\Total Pet Power\photo_2026-05-04_16-07-22 (2).jpg,,L6 [TNS]Landoogst,14554560,"L6 [TNS]Landoogst 14,554,560"
Total Pet Power,Images\Total Pet Power\photo_2026-05-04_16-07-22 (2).jpg,92,[TNS]BRONSON,14527560,"92 [TNS]BRONSON 14,527,560"
Total Pet Power,Images\Total Pet Power\photo_2026-05-04_16-07-22 (2).jpg,6,[TFR]MehmetOnur,14515560,"6 [TFR]MehmetOnur 14,515,560"
Total Pet Power,Images\Total Pet Power\photo_2026-05-04_16-07-22 (2).jpg,94,[EVA]瑪哉maya,14511120,"94 [EVA]瑪哉maya 14,511,120"
Total Pet Power,Images\Total Pet Power\photo_2026-05-04_16-07-22 (2).jpg,95,[TNS]Pappaguru,14485440,"95 [TNS]Pappaguru 14,485,440"
Total Pet Power,Images\Total Pet Power\photo_2026-05-04_16-07-22 (2).jpg,96,[EVA]KingOfTheERGUL,14479440,"96 [EVA]KingOfTheERGUL 14,479,440"
Total Pet Power,Images\Total Pet Power\photo_2026-05-04_16-07-22 (2).jpg,97,[TFR]Marrowgar,14477040,"97 [TFR]Marrowgar 14,477,040"
Total Pet Power,Images\Total Pet Power\photo_2026-05-04_16-07-22 (2).jpg,98,[TFR]Daiki,14465280,"98 [TFR]Daiki 14,465,280"
Total Pet Power,Images\Total Pet Power\photo_2026-05-04_16-07-22 (2).jpg,66,[TNS]Wistful,14456280,"66 [TNS]Wistful 14,456,280"
Total Pet Power,Images\Total Pet Power\photo_2026-05-04_16-07-22 (2).jpg,75,[TFRJNOOX,14788560,"75 [TFRJNOOX 14,788,560"
Total Pet Power,Images\Total Pet Power\photo_2026-05-04_16-07-22.jpg,83,[TNS]KiltedRebel,14709120,"83 [TNS]KiltedRebel 14,709,120"
Total Pet Power,Images\Total Pet Power\photo_2026-05-04_16-07-22.jpg,84,[TNS]Red,14703720,"84 [TNS]Red 14,703,720"
Total Pet Power,Images\Total Pet Power\photo_2026-05-04_16-07-22.jpg,85,[TNS]GMPoTonJeux,14679720,"85 [TNS]GMPoTonJeux 14,679,720"
Total Pet Power,Images\Total Pet Power\photo_2026-05-04_16-07-22.jpg,86,[NS],14610360,"86 [NS] 14,610,360"
Total Pet Power,Images\Total Pet Power\photo_2026-05-04_16-07-22.jpg,87,[TFR]Beatrix,14604480,"87 [TFR]Beatrix 14,604,480"
Total Pet Power,Images\Total Pet Power\photo_2026-05-04_16-07-22.jpg,88,[EVA]Kraz,14588640,"88 [EVA]Kraz 14,588,640"
Total Pet Power,Images\Total Pet Power\photo_2026-05-04_16-07-22.jpg,68,[RAW]Ragnar Ill,14588400,"68 [RAW]Ragnar Ill 14,588,400"
Total Pet Power,Images\Total Pet Power\photo_2026-05-04_16-07-22.jpg,6,[TFR]Veri,14559360,"06 [TFR]Veri 14,559,360"
Total Pet Power,Images\Total Pet Power\photo_2026-05-04_16-07-22.jpg,75,[TFRJNOOX,14788560,"75 [TFRJNOOX 14,788,560"
Total Pet Power,Images\Total Pet Power\photo_2026-05-04_16-07-23.jpg,92,[TNS]BRONSON,14527560,"92 [TNS]BRONSON 14,527,560"
Total Pet Power,Images\Total Pet Power\photo_2026-05-04_16-07-23.jpg,,[TFR]MehmetOnur,14515560,"[TFR]MehmetOnur 14,515,560"
Total Pet Power,Images\Total Pet Power\photo_2026-05-04_16-07-23.jpg,94,[EVA]瑪哉maya,14511120,"94 [EVA]瑪哉maya 14,511,120"
Total Pet Power,Images\Total Pet Power\photo_2026-05-04_16-07-23.jpg,95,[TNS]Pappaguru,14485440,"95 [TNS]Pappaguru 14,485,440"
Total Pet Power,Images\Total Pet Power\photo_2026-05-04_16-07-23.jpg,96,[EVA]KingOfTheERGUL,14479440,"96 [EVA]KingOfTheERGUL 14,479,440"
Total Pet Power,Images\Total Pet Power\photo_2026-05-04_16-07-23.jpg,97,[TFRjMarrowgar,14477040,"97 [TFRjMarrowgar 14,477,040"
Total Pet Power,Images\Total Pet Power\photo_2026-05-04_16-07-23.jpg,98,[TFR]Daiki,14465280,"98 [TFR]Daiki 14,465,280"
Total Pet Power,Images\Total Pet Power\photo_2026-05-04_16-07-23.jpg,66,[TNS]Wistful,14456280,"66 [TNS]Wistful 14,456,280"
Total Pet Power,Images\Total Pet Power\photo_2026-05-04_16-07-23.jpg,100,[TFR]STEEL,14446080,"100 [TFR]STEEL 14,446,080"
Total Pet Power,Images\Total Pet Power\photo_2026-05-04_16-07-23.jpg,75,[TFRJNOOX,14788560,"75 [TFRJNOOX 14,788,560"
Mystic Trial,Images\Mystic Trial\photo_2026-05-04_15-24-44.jpg,,LERYENSIDO8 [TFR]Yensid08,2767,"LERYENSIDO8 [TFR]Yensid08 2,767"
Mystic Trial,Images\Mystic Trial\photo_2026-05-04_15-24-44.jpg,,[TFR]NickM,2691,"[TFR]NickM 2,691"
Mystic Trial,Images\Mystic Trial\photo_2026-05-04_15-24-44.jpg,3,[TFRJBRUMMBAR,2581,"3 [TFRJBRUMMBAR 2,581"
Mystic Trial,Images\Mystic Trial\photo_2026-05-04_15-24-44.jpg,4,[TNS]Pikachu,2380,"4 [TNS]Pikachu 2,380"
Mystic Trial,Images\Mystic Trial\photo_2026-05-04_15-24-44.jpg,5,[TFRlpentode,2352,"5 [TFRlpentode 2,352"
Mystic Trial,Images\Mystic Trial\photo_2026-05-04_15-24-44.jpg,6,[EVA]MARC00127,2233,"6 [EVA]MARC00127 2,233"
Mystic Trial,Images\Mystic Trial\photo_2026-05-04_15-24-44.jpg,7,[TFR]AdmiralKayne,2117,"7 [TFR]AdmiralKayne 2,117"
Mystic Trial,Images\Mystic Trial\photo_2026-05-04_15-24-44.jpg,8,[EVA|大明宫速至尊龍航全覆益WIF,2110,"8 [EVA|大明宫速至尊龍航全覆益WIF 2,110"
Mystic Trial,Images\Mystic Trial\photo_2026-05-04_15-24-44.jpg,6,[TNS]Daenerys,1958,"6 [TNS]Daenerys 1,958"
Mystic Trial,Images\Mystic Trial\photo_2026-05-04_15-24-44.jpg,37,[TFRJNOOX,1497,"37 [TFRJNOOX 1,497"
Mystic Trial,Images\Mystic Trial\photo_2026-05-04_16-11-30.jpg,,[TFR]Yensid08,2767,"[TFR]Yensid08 2,767"
Mystic Trial,Images\Mystic Trial\photo_2026-05-04_16-11-30.jpg,,[TFR]NickM,2691,"[TFR]NickM 2,691"
Mystic Trial,Images\Mystic Trial\photo_2026-05-04_16-11-30.jpg,3,[TFR]BRUMMBAR,2581,"3 [TFR]BRUMMBAR 2,581"
Mystic Trial,Images\Mystic Trial\photo_2026-05-04_16-11-30.jpg,4,[TNS]Pikachu,2380,"4 [TNS]Pikachu 2,380"
Mystic Trial,Images\Mystic Trial\photo_2026-05-04_16-11-30.jpg,5,[TFR]pentode,2352,"5 [TFR]pentode 2,352"
Mystic Trial,Images\Mystic Trial\photo_2026-05-04_16-11-30.jpg,6,[EVA]MARC00127,2233,"6 [EVA]MARC00127 2,233"
Mystic Trial,Images\Mystic Trial\photo_2026-05-04_16-11-30.jpg,7,[TFR]AdmiralKayne,2117,"7 [TFR]AdmiralKayne 2,117"
Mystic Trial,Images\Mystic Trial\photo_2026-05-04_16-11-30.jpg,8,[EVA大明宫速至尊龍航全覆签WiF,2110,"8 [EVA大明宫速至尊龍航全覆签WiF 2,110"
Mystic Trial,Images\Mystic Trial\photo_2026-05-04_16-11-30.jpg,6,[TNS]Daenerys,1958,"6 [TNS]Daenerys 1,958"
Mystic Trial,Images\Mystic Trial\photo_2026-05-04_16-11-30.jpg,37,[TFRJNOOX,1497,"37 [TFRJNOOX 1,497"
Mystic Trial,Images\Mystic Trial\photo_2026-05-04_16-11-33.jpg,10,[EVA]刷刷刷刷刷刷,1951,"10 [EVA]刷刷刷刷刷刷 1,951"
Mystic Trial,Images\Mystic Trial\photo_2026-05-04_16-11-33.jpg,,L -[EVA]Minogue,1943,"L -[EVA]Minogue 1,943"
Mystic Trial,Images\Mystic Trial\photo_2026-05-04_16-11-33.jpg,12,[TFR]Chong,1902,"12 [TFR]Chong 1,902"
Mystic Trial,Images\Mystic Trial\photo_2026-05-04_16-11-33.jpg,13,ALLYDUCANBEAM [TNS]Allyoucanbeam,1869,"13 ALLYDUCANBEAM [TNS]Allyoucanbeam 1,869"
Mystic Trial,Images\Mystic Trial\photo_2026-05-04_16-11-33.jpg,14,[TFR]Lord Minion,1868,"14 [TFR]Lord Minion 1,868"
Mystic Trial,Images\Mystic Trial\photo_2026-05-04_16-11-33.jpg,15,[TFR]Noble Minion,1744,"15 [TFR]Noble Minion 1,744"
Mystic Trial,Images\Mystic Trial\photo_2026-05-04_16-11-33.jpg,16,[EVA]夜游干吊僧,1739,"16 [EVA]夜游干吊僧 1,739"
Mystic Trial,Images\Mystic Trial\photo_2026-05-04_16-11-33.jpg,17,[TNS]SirLance,1720,"17 [TNS]SirLance 1,720"
Mystic Trial,Images\Mystic Trial\photo_2026-05-04_16-11-33.jpg,18,[TFR]ESTOPG3KOR,1696,"18 [TFR]ESTOPG3KOR 1,696"
Mystic Trial,Images\Mystic Trial\photo_2026-05-04_16-11-33.jpg,37,[TFRJNOOX,1497,"37 [TFRJNOOX 1,497"
Mystic Trial,Images\Mystic Trial\photo_2026-05-04_16-11-34.jpg,19,[EVA]a依依e>yiyi,1692,"19 [EVA]a依依e>yiyi 1,692"
Mystic Trial,Images\Mystic Trial\photo_2026-05-04_16-11-34.jpg,20,[TNS]BRONSON,1685,"20 [TNS]BRONSON 1,685"
Mystic Trial,Images\Mystic Trial\photo_2026-05-04_16-11-34.jpg,21,[EVA]耶稣也留不住他,1673,"21 [EVA]耶稣也留不住他 1,673"
Mystic Trial,Images\Mystic Trial\photo_2026-05-04_16-11-34.jpg,22,[EVA]StarryLoll's,1637,"22 [EVA]StarryLoll's 1,637"
Mystic Trial,Images\Mystic Trial\photo_2026-05-04_16-11-34.jpg,23,[EVA]Charlie,1620,"23 [EVA]Charlie 1,620"
Mystic Trial,Images\Mystic Trial\photo_2026-05-04_16-11-34.jpg,24,[EVA]Penguin,1588,"24 [EVA]Penguin 1,588"
Mystic Trial,Images\Mystic Trial\photo_2026-05-04_16-11-34.jpg,25,[TFR]Beatrix,1587,"25 [TFR]Beatrix 1,587"
Mystic Trial,Images\Mystic Trial\photo_2026-05-04_16-11-34.jpg,26,[EVA]Lanny,1587,"26 [EVA]Lanny 1,587"
Mystic Trial,Images\Mystic Trial\photo_2026-05-04_16-11-34.jpg,27,[RAW]soon,1581,"27 [RAW]soon 1,581"
Mystic Trial,Images\Mystic Trial\photo_2026-05-04_16-11-34.jpg,37,[TFRJNOOX,1497,"37 [TFRJNOOX 1,497"
Mystic Trial,Images\Mystic Trial\photo_2026-05-04_16-11-35.jpg,28,[TNS]SiPeNee,1576,"28 [TNS]SiPeNee 1,576"
Mystic Trial,Images\Mystic Trial\photo_2026-05-04_16-11-35.jpg,29,[TNS]Fritz,1559,"29 [TNS]Fritz 1,559"
Mystic Trial,Images\Mystic Trial\photo_2026-05-04_16-11-35.jpg,30,[TFR]Marna,1537,"30 [TFR]Marna 1,537"
Mystic Trial,Images\Mystic Trial\photo_2026-05-04_16-11-35.jpg,,LE [TFR]CroissantMan,1536,"LE [TFR]CroissantMan 1,536"
Mystic Trial,Images\Mystic Trial\photo_2026-05-04_16-11-35.jpg,32,[EVA]閃電五连鞭,1524,"32 [EVA]閃電五连鞭 1,524"
Mystic Trial,Images\Mystic Trial\photo_2026-05-04_16-11-35.jpg,33,[TFR]Dejw,1518,"33 [TFR]Dejw 1,518"
Mystic Trial,Images\Mystic Trial\photo_2026-05-04_16-11-35.jpg,34,[TFR]Themistodoggo,1514,"34 [TFR]Themistodoggo 1,514"
Mystic Trial,Images\Mystic Trial\photo_2026-05-04_16-11-35.jpg,35,[RAW]YNWA1892,1508,"35 [RAW]YNWA1892 1,508"
Mystic Trial,Images\Mystic Trial\photo_2026-05-04_16-11-35.jpg,36,EVAJPC_bbzz,1508,"36 EVAJPC_bbzz 1,508"
Mystic Trial,Images\Mystic Trial\photo_2026-05-04_16-11-35.jpg,37,[TFRJNOOX,1497,"37 [TFRJNOOX 1,497"
Mystic Trial,Images\Mystic Trial\photo_2026-05-04_16-11-36.jpg,38,[DEU]lord pumpernickl,1492,"38 [DEU]lord pumpernickl 1,492"
Mystic Trial,Images\Mystic Trial\photo_2026-05-04_16-11-36.jpg,39,[DEU]mandi101,1483,"39 [DEU]mandi101 1,483"
Mystic Trial,Images\Mystic Trial\photo_2026-05-04_16-11-36.jpg,40,[EVA]瑪哉maya,1473,"40 [EVA]瑪哉maya 1,473"
Mystic Trial,Images\Mystic Trial\photo_2026-05-04_16-11-36.jpg,42,[TNS,1445,"42 [TNS 1,445"
Mystic Trial,Images\Mystic Trial\photo_2026-05-04_16-11-36.jpg,43,[TFR]GentleDaddy2,1443,"43 [TFR]GentleDaddy2 1,443"
Mystic Trial,Images\Mystic Trial\photo_2026-05-04_16-11-36.jpg,44,[EVA]Tyson Yoshi,1438,"44 [EVA]Tyson Yoshi 1,438"
Mystic Trial,Images\Mystic Trial\photo_2026-05-04_16-11-36.jpg,45,[TNS]Kings'landing,1428,"45 [TNS]Kings'landing 1,428"
Mystic Trial,Images\Mystic Trial\photo_2026-05-04_16-11-36.jpg,46,[TNS]Landoogst,1424,"46 [TNS]Landoogst 1,424"
Mystic Trial,Images\Mystic Trial\photo_2026-05-04_16-11-36.jpg,37,[TFRJNOOX,1497,"37 [TFRJNOOX 1,497"
Mystic Trial,Images\Mystic Trial\photo_2026-05-04_16-11-37 (2).jpg,56,[TFR]Son,1378,"56 [TFR]Son 1,378"
Mystic Trial,Images\Mystic Trial\photo_2026-05-04_16-11-37 (2).jpg,57,[TFR]Bart Simpson,1356,"57 [TFR]Bart Simpson 1,356"
Mystic Trial,Images\Mystic Trial\photo_2026-05-04_16-11-37 (2).jpg,58,[TNS]barny,1355,"58 [TNS]barny 1,355"
Mystic Trial,Images\Mystic Trial\photo_2026-05-04_16-11-37 (2).jpg,59,[TNS]wolala,1352,"59 [TNS]wolala 1,352"
Mystic Trial,Images\Mystic Trial\photo_2026-05-04_16-11-37 (2).jpg,60,[TFR]TcXendGME,1349,"60 [TFR]TcXendGME 1,349"
Mystic Trial,Images\Mystic Trial\photo_2026-05-04_16-11-37 (2).jpg,61,[TFR]Mietek,1347,"61 [TFR]Mietek 1,347"
Mystic Trial,Images\Mystic Trial\photo_2026-05-04_16-11-37 (2).jpg,62,[EVA]P4radox,1345,"62 [EVA]P4radox 1,345"
Mystic Trial,Images\Mystic Trial\photo_2026-05-04_16-11-37 (2).jpg,63,[EVA]犬僧_MONK,1344,"63 [EVA]犬僧_MONK 1,344"
Mystic Trial,Images\Mystic Trial\photo_2026-05-04_16-11-37 (2).jpg,64,[EVA]星冰乐,1341,"64 [EVA]星冰乐 1,341"
Mystic Trial,Images\Mystic Trial\photo_2026-05-04_16-11-37 (2).jpg,37,[TFRJNOOX,1497,"37 [TFRJNOOX 1,497"
Mystic Trial,Images\Mystic Trial\photo_2026-05-04_16-11-37.jpg,47,[TFR]defbox,1418,"47 [TFR]defbox 1,418"
Mystic Trial,Images\Mystic Trial\photo_2026-05-04_16-11-37.jpg,48,[TFR]Marrowgar,1417,"48 [TFR]Marrowgar 1,417"
Mystic Trial,Images\Mystic Trial\photo_2026-05-04_16-11-37.jpg,49,[TFR]ThePsychologist,1416,"49 [TFR]ThePsychologist 1,416"
Mystic Trial,Images\Mystic Trial\photo_2026-05-04_16-11-37.jpg,50,[TFR]Stru,1414,"50 [TFR]Stru 1,414"
Mystic Trial,Images\Mystic Trial\photo_2026-05-04_16-11-37.jpg,51,[TNS]xox,1412,"51 [TNS]xox 1,412"
Mystic Trial,Images\Mystic Trial\photo_2026-05-04_16-11-37.jpg,52,[TNS]AIboba,1397,"52 [TNS]AIboba 1,397"
Mystic Trial,Images\Mystic Trial\photo_2026-05-04_16-11-37.jpg,53,[DEU]Maddy,1396,"53 [DEU]Maddy 1,396"
Mystic Trial,Images\Mystic Trial\photo_2026-05-04_16-11-37.jpg,54,[TNS]pho,1393,"54 [TNS]pho 1,393"
Mystic Trial,Images\Mystic Trial\photo_2026-05-04_16-11-37.jpg,55,[TFR]WhackedWake,1389,"55 [TFR]WhackedWake 1,389"
Mystic Trial,Images\Mystic Trial\photo_2026-05-04_16-11-37.jpg,37,[TFRJNOOX,1497,"37 [TFRJNOOX 1,497"
Mystic Trial,Images\Mystic Trial\photo_2026-05-04_16-11-38.jpg,65,[TFR]Spartacus,1339,"65 [TFR]Spartacus 1,339"
Mystic Trial,Images\Mystic Trial\photo_2026-05-04_16-11-38.jpg,66,[RAW]Ragnar Ill,1335,"66 [RAW]Ragnar Ill 1,335"
Mystic Trial,Images\Mystic Trial\photo_2026-05-04_16-11-38.jpg,67,[TFR]stie小叮,1334,"67 [TFR]stie小叮 1,334"
Mystic Trial,Images\Mystic Trial\photo_2026-05-04_16-11-38.jpg,68,[DEU]Andy 83,1317,"68 [DEU]Andy 83 1,317"
Mystic Trial,Images\Mystic Trial\photo_2026-05-04_16-11-38.jpg,69,Hankerator,1310,"69 Hankerator 1,310"
Mystic Trial,Images\Mystic Trial\photo_2026-05-04_16-11-38.jpg,70,"[TFR],SHODI",1307,"70 [TFR],SHODI 1,307"
Mystic Trial,Images\Mystic Trial\photo_2026-05-04_16-11-38.jpg,71,[TFR]Sparrow,1307,"71 [TFR]Sparrow 1,307"
Mystic Trial,Images\Mystic Trial\photo_2026-05-04_16-11-38.jpg,72,[DEU]Laiiikmili,1303,"72 [DEU]Laiiikmili 1,303"
Mystic Trial,Images\Mystic Trial\photo_2026-05-04_16-11-38.jpg,73,[RAW]Spenalson,1295,"73 [RAW]Spenalson 1,295"
Mystic Trial,Images\Mystic Trial\photo_2026-05-04_16-11-38.jpg,37,[TFRJNOOX,1497,"37 [TFRJNOOX 1,497"
Mystic Trial,Images\Mystic Trial\photo_2026-05-04_16-11-39.jpg,74,[TFR]Lord oftheSeas,1294,"74 [TFR]Lord oftheSeas 1,294"
Mystic Trial,Images\Mystic Trial\photo_2026-05-04_16-11-39.jpg,75,[EVA]慢半拍,1292,"75 [EVA]慢半拍 1,292"
Mystic Trial,Images\Mystic Trial\photo_2026-05-04_16-11-39.jpg,76,[TFR]STEEL,1290,"76 [TFR]STEEL 1,290"
Mystic Trial,Images\Mystic Trial\photo_2026-05-04_16-11-39.jpg,77,[TFRlimVaria,1288,"77 [TFRlimVaria 1,288"
Mystic Trial,Images\Mystic Trial\photo_2026-05-04_16-11-39.jpg,78,[TNS]Ssaintt,1285,"78 [TNS]Ssaintt 1,285"
Mystic Trial,Images\Mystic Trial\photo_2026-05-04_16-11-39.jpg,79,[TNS]Pappaguru,1281,"79 [TNS]Pappaguru 1,281"
Mystic Trial,Images\Mystic Trial\photo_2026-05-04_16-11-39.jpg,80,[EVAjblue blue,1280,"80 [EVAjblue blue 1,280"
Mystic Trial,Images\Mystic Trial\photo_2026-05-04_16-11-39.jpg,81,sosopi,1278,"81 sosopi 1,278"
Mystic Trial,Images\Mystic Trial\photo_2026-05-04_16-11-39.jpg,82,[TNS]Loadingooo,1277,"82 [TNS]Loadingooo 1,277"
Mystic Trial,Images\Mystic Trial\photo_2026-05-04_16-11-39.jpg,37,[TFRJNOOX,1497,"37 [TFRJNOOX 1,497"
Mystic Trial,Images\Mystic Trial\photo_2026-05-04_16-11-40 (2).jpg,92,[TFR]LadyCarnage,1250,"92 [TFR]LadyCarnage 1,250"
Mystic Trial,Images\Mystic Trial\photo_2026-05-04_16-11-40 (2).jpg,6,[EVA]KUBIAC,1248,"6 [EVA]KUBIAC 1,248"
Mystic Trial,Images\Mystic Trial\photo_2026-05-04_16-11-40 (2).jpg,94,[TNS]Taylor,1244,"94 [TNS]Taylor 1,244"
Mystic Trial,Images\Mystic Trial\photo_2026-05-04_16-11-40 (2).jpg,95,[TFR]LLuna,1243,"95 [TFR]LLuna 1,243"
Mystic Trial,Images\Mystic Trial\photo_2026-05-04_16-11-40 (2).jpg,96,[TNS]GMPoTonJeux,1243,"96 [TNS]GMPoTonJeux 1,243"
Mystic Trial,Images\Mystic Trial\photo_2026-05-04_16-11-40 (2).jpg,86,[TNS]MoonlightHill,1235,"86 [TNS]MoonlightHill 1,235"
Mystic Trial,Images\Mystic Trial\photo_2026-05-04_16-11-40 (2).jpg,66,[TFR]DoUzOsGR,1234,"66 [TFR]DoUzOsGR 1,234"
Mystic Trial,Images\Mystic Trial\photo_2026-05-04_16-11-40 (2).jpg,100,[TFR]Artemisa,1234,"100 [TFR]Artemisa 1,234"
Mystic Trial,Images\Mystic Trial\photo_2026-05-04_16-11-40 (2).jpg,37,[TFRJNOOX,1497,"37 [TFRJNOOX 1,497"
Mystic Trial,Images\Mystic Trial\photo_2026-05-04_16-11-40.jpg,83,[EVA]蛋仔,1277,"83 [EVA]蛋仔 1,277"
Mystic Trial,Images\Mystic Trial\photo_2026-05-04_16-11-40.jpg,84,[TNS]baby Pikachu,1275,"84 [TNS]baby Pikachu 1,275"
Mystic Trial,Images\Mystic Trial\photo_2026-05-04_16-11-40.jpg,85,[TFR]FSMHAN,1275,"85 [TFR]FSMHAN 1,275"
Mystic Trial,Images\Mystic Trial\photo_2026-05-04_16-11-40.jpg,86,[RAW]tA1lum27,1273,"86 [RAW]tA1lum27 1,273"
Mystic Trial,Images\Mystic Trial\photo_2026-05-04_16-11-40.jpg,87,[],1266,"87 [] 1,266"
Mystic Trial,Images\Mystic Trial\photo_2026-05-04_16-11-40.jpg,88,[TFRJOnlyHuman,1266,"88 [TFRJOnlyHuman 1,266"
Mystic Trial,Images\Mystic Trial\photo_2026-05-04_16-11-40.jpg,68,[EVA]JeabdE-{]~小雞,1265,"68 [EVA]JeabdE-{]~小雞 1,265"
Mystic Trial,Images\Mystic Trial\photo_2026-05-04_16-11-40.jpg,6,[TNS]HE MAN,1261,"06 [TNS]HE MAN 1,261"
Mystic Trial,Images\Mystic Trial\photo_2026-05-04_16-11-40.jpg,,L6 [TFR]Daiki,1251,"L6 [TFR]Daiki 1,251"
Mystic Trial,Images\Mystic Trial\photo_2026-05-04_16-11-40.jpg,37,[TFRJNOOX,1497,"37 [TFRJNOOX 1,497"
