Name,Power,TC Level,Hero Power,Heroes Total Power,Pet Power,Mystic Trial
.N.S FRYENSIEOE EYACEN [TFR]Yensid08,0,0,0,0,33852960,0
.N.S. LFRYENSIEOS SEVACEN [TFR]Yensid08,0,0,0,85331736,0,0
0品[],0,0,0,29543193,0,0
?OO,0,0,4128061,0,0,0
ALLYDUCANBEAM [TNS]Allyoucanbeam,320462589,0,0,46325138,0,1869
ALLYOUCANBEAM [TNS]Allyoucanbeam,0,0,0,0,17575560,0
EVAJPC_bbzz,0,0,0,0,0,1508
EVA大明宫速至尊能斯全覆益WFI,0,0,10150264,0,0,0
EVA大明宫速至尊能服全覆WIiFi,357540532,0,0,0,18274680,0
FRYENSIEOB [TFR]Yensid08,0,0,18803568,0,0,0
FRYENSIEOE [TFR]Yensid08,0,0,18803568,0,33852960,0
GSAINT [TNS]Ssaintt,265358799,0,0,0,0,0
Hankerator,0,0,4359400,0,0,1310
L -[EVA]Minogue,0,0,0,0,0,1943
L [TFR]STOP63KOR°,0,0,0,51050090,0,0
L [TNS]6ena9 BOpOHa,217834533,0,0,0,0,0
L [TNS]BRONSON,0,0,7171984,44964964,0,0
L [TNS]Fritz,0,0,0,0,15938520,0
L6,0,0,0,29618298,0,0
L6 [TFR]Daiki,0,0,0,0,0,1251
L6 [TFR]Desillusionierer,0,0,0,29852536,0,0
L6 [TFR]Mietek,209537741,0,0,0,0,0
L6 [TNS]Kings'landing,207146222,0,0,0,0,0
L6 [TNS]Landoogst,0,0,0,0,14554560,0
LE [DEU]mandi101,0,0,5402670,37577109,0,0
LE [EVA]P4radox,264020645,0,0,0,0,0
LE [RAW]Catley,0,0,0,0,15452640,0
LE [TFR]CroissantMan,0,0,0,0,0,1536
LERYENSIDO8 [TFR]Yensid08,0,0,0,0,0,2767
LFRYENSIEOS N.S.EVARCEN [TFR]Yensid08,472324654,0,0,0,0,0
Mew,219207896,0,4758950,31243235,0,0
N.S.EVARCEN FRYENSEOE [TFR]Yensid08,472324654,0,0,0,0,0
N.S.SEVARCEN FRYENSEOS [TFR]Yensid08,0,0,0,85331736,0,0
NS]01,208999143,0,0,0,0,0
PrOgram3rr0r,0,0,0,30793529,0,0
TEVAJPC_bbzz,0,0,0,36280292,0,0
TFRINickM,0,0,0,91623668,0,0
TFRJMietek,0,0,0,29638187,0,0
TFR]Bart Simpson,228851171,0,0,0,0,0
TFR]Noble Minion,0,0,6132007,0,0,0
TTFRjthe accountant,227843580,0,0,0,0,0
[D8F]Mamie Tsunade,207526461,0,0,0,14888280,0
[D8F]The old dragon,0,0,3848857,0,0,0
[D8F]Werner,228748341,0,0,0,0,0
[DEU]Andy 83,0,0,0,0,0,1317
[DEU]Andy83,0,0,4430500,37558927,0,0
[DEU]Hades,0,0,0,0,14947680,0
[DEU]Kralice,207715721,0,0,29514635,15006720,0
[DEU]Laiiikmii,0,0,0,0,14819760,0
[DEU]Laiiikmili,0,0,0,0,0,1303
[DEU]Laiikmii,0,0,3896985,37770690,0,0
[DEU]Laiikmili,245315529,0,0,0,0,0
[DEU]Lucyndra,0,0,0,29939329,0,0
[DEU]Maddy,217290831,0,0,32209337,15149160,1396
[DEU]lord pumpernickl,0,0,3764589,40716731,16906560,1492
[DEU]lordpumpernickl,249029365,0,0,0,0,0
[DEU]mandi101,254786565,0,0,0,15640800,1483
[EVAI大明宫速至尊能服全覆益WIFi,357540532,0,0,0,0,0
[EVAJMARC00127,342333118,0,0,0,0,0
[EVA]Charlie,244801282,0,5879790,43042264,0,1620
[EVA]JeabdE-{]-小雞,0,0,3763510,0,0,0
[EVA]JeabdE-{]~小雞,0,0,0,0,0,1265
[EVA]JeabdE-{]小,247050399,0,0,0,0,0
[EVA]KUBIAC,0,0,3819717,0,0,1248
[EVA]KingOfTheERGUL,0,0,3787835,0,14479440,0
[EVA]Kraz,0,0,0,0,14588640,0
[EVA]Lanny,310285202,0,5081370,36948078,15390600,1587
[EVA]Lorness,211243112,0,4159954,0,0,0
[EVA]MARC,0,5,0,0,0,0
[EVA]MARC00127,342333118,0,0,63765723,19971240,2233
[EVA]Minogue,267610540,0,9566349,45794285,16522800,0
[EVA]Nightshadow,0,5,0,0,0,0
[EVA]Nightshadow2601,0,0,0,30470340,0,0
[EVA]P4radox,0,0,0,31587814,14925480,1345
[EVA]PC bbzz,272457615,0,0,0,0,0
[EVA]PC_bbzz,0,0,3830164,0,0,0
[EVA]Penguin,277533894,0,5566644,42282115,14836680,1588
[EVA]Pyramid,0,0,0,30108455,0,0
[EVA]S4k3r4,211869219,0,0,0,0,0
[EVA]StarryLoll's,0,0,0,0,0,1637
[EVA]StarryLolli's,301371093,0,0,0,15653640,0
[EVA]StarryLollis,0,0,4938198,36305126,0,0
[EVA]Tile,212164272,0,0,0,0,0
[EVA]Tyson Yoshi,262296106,0,3781250,35476143,15794880,1438
[EVA]Wing Chun,0,0,0,0,15282480,0
[EVA]a依依e>yiyi,0,0,0,0,0,1692
[EVA]a依依eyiyi,0,0,7085540,41443992,0,0
[EVA]blue blue,0,0,4531257,0,0,0
[EVA]三小猪,225663318,0,0,0,0,0
[EVA]刷刷刷刷刷刷,0,0,9708102,47785365,16347600,1951
[EVA]周有,0,0,0,32118941,0,0
[EVA]夜游干吊僧,325288042,0,9420120,45102411,16332360,1739
[EVA]慢半拍,0,0,0,29851968,15459120,1292
[EVA]星冰乐,0,0,0,31321356,0,1341
[EVA]柳如煙,0,0,4069550,0,0,0
[EVA]犬僧_MONK,0,0,3966822,30575790,0,1344
[EVA]瑪哉maya,253139954,0,4645717,34220725,14511120,1473
[EVA]米糕玄師,0,0,0,0,14811720,0
[EVA]耶稣也留不住他,288885816,0,7465422,40967347,0,1673
[EVA]蛋仔,225394408,0,3718852,30146955,0,1277
[EVA]閃電五连鞭,0,0,0,0,0,1524
[EVA]閃電五連鞭,0,0,4312475,0,0,0
[EVA]闪電五連鞭,0,0,0,31228933,0,0
[EVAjblue blue,0,0,0,0,15174600,1280
[EVA|大明宫速至尊龍航全覆益WIF,0,0,0,0,0,2110
[EVA刷刷刷刷刷刷,0,0,9708102,0,0,0
[EVA大明宫速至尊能服全覆益WIFi,0,0,0,0,18274680,0
[EVA大明宫速至尊龍航全覆签WiF,0,0,0,58645303,0,2110
[NS],0,0,0,0,14610360,0
[NS]01,208999143,0,0,0,0,0
[RAW]Andy,0,0,0,32025460,14923200,0
[RAW]Lord Yousef,0,0,0,0,15153360,0
[RAW]Ragnar Ill,0,0,0,0,14588400,1335
[RAW]Ragnar ll,0,0,0,32698216,0,0
[RAW]Spenalson,207915101,0,0,33882826,16199400,1295
[RAW]YNWA,0,5,0,0,0,0
[RAW]YNWA1892,246149032,0,5701935,34018190,15492600,1508
[RAW]cheng,0,0,0,0,15222360,0
[RAW]putanak,0,0,0,0,14803800,0
[RAW]soon,256223710,0,5922357,35033810,15636600,1581
[RAW]tA11um27,0,0,0,32409287,15230400,0
[RAW]tA1lum27,0,0,0,0,0,1273
[TFR)STEEL,0,0,3762955,0,0,0
[TFRINickM,418020507,0,0,0,0,0
[TFRIsuliman,0,0,0,32167969,0,0
[TFRJBRUMMBAR,473008161,0,18155770,85075998,24294720,2581
[TFRJNOOX,240336796,0,0,30584648,14788560,1497
[TFRJNickM,0,0,0,0,31884600,0
[TFRJNoOX,0,0,4954285,0,14788560,0
[TFRJNoble Minion,0,0,0,52977180,0,0
[TFRJOnlyHuman,0,0,0,0,0,1266
"[TFR],SHODI",0,0,4174084,0,0,1307
[TFR]-hstie小叮,0,0,0,30796254,0,0
[TFR]AdmiralKayne,301703243,0,11666423,59733919,17735400,2117
[TFR]Artemisa,215061820,0,0,0,0,1234
[TFR]BK201,0,0,4075143,0,0,0
[TFR]BRUMMBAR,0,0,0,0,24294720,2581
[TFR]Bart Simpson,0,0,0,34130541,15361440,1356
[TFR]Beatrix,260644178,0,5066484,39455281,14604480,1587
[TFR]Catts98,214934913,0,3859610,0,0,0
[TFR]Chong,320285307,0,9416586,52818749,15138840,1902
[TFR]CroissantMan,266427975,0,4652739,34868092,15492000,0
[TFR]Daiki,0,0,5368157,0,14465280,0
[TFR]Dejw,245455918,0,5408587,29832524,15410040,1518
[TFR]Desillusionierer,0,0,0,0,14883960,0
[TFR]DoUzOsGR,255811090,0,4371865,30028144,14823960,1234
[TFR]ESTOP63KOR,369527836,0,0,0,0,0
[TFR]ESTOPG3KOR,369527836,0,0,0,0,1696
[TFR]ESTOPG3KOR°,0,0,0,0,15338280,0
[TFR]FSMHAN,206095334,0,0,0,14878560,1275
[TFR]Firenze,0,0,0,0,14998440,0
[TFR]Gentle Daddy2,273566756,0,4678442,0,0,0
[TFR]GentleDaddy2,0,0,0,39807551,0,1443
[TFR]Guat,234923015,0,0,0,15552960,0
[TFR]KCIN,0,0,0,0,14712720,0
[TFR]LLuna,204532168,0,4063041,0,0,1243
[TFR]Lady Chaos,0,0,0,30555636,0,0
[TFR]LadyCarnage,209624554,0,0,31289182,0,1250
[TFR]Lord Knight 357,208288403,0,0,0,0,0
[TFR]Lord Minion,335508139,0,7187384,50291876,16813920,1868
[TFR]Lord of theSeas,206885210,0,0,0,0,0
[TFR]Lord ofthe Seas,206885210,0,0,0,0,0
[TFR]Lord oftheSeas,0,0,0,0,0,1294
[TFR]LordKnight 357,208288403,0,0,0,0,0
[TFR]Marna,281210729,0,3861860,35157258,0,1537
[TFR]Marrowgar,211537371,0,7144235,50857830,14477040,1417
[TFR]MehmetOnur,0,0,0,0,14515560,0
[TFR]Mietek,0,0,4179260,29638187,0,1347
[TFR]NickM,418026435,0,17703112,0,31884600,2691
[TFR]NoOX,240325140,0,4954285,30584648,0,0
[TFR]Noble Minion,268335250,0,0,0,16650600,1744
[TFR]OnlyHuman,237638089,0,0,29742765,0,0
[TFR]Radinho,220464167,0,3655870,33023103,0,0
[TFR]STEEL,238212561,0,0,0,14446080,1290
[TFR]STOPG3KOR°,0,0,7572832,0,0,0
[TFR]Son,216057120,0,4610260,31230835,14752440,1378
[TFR]Sparrow,225610855,0,0,35039830,0,1307
[TFR]Spartacus,0,0,0,0,15289680,1339
[TFR]Stru,210972549,0,4855809,34713565,15069720,1414
[TFR]TXendGME,0,0,3692010,0,0,0
[TFR]Tc+XendGME,0,0,0,0,14895960,0
[TFR]TcXendGM,238315816,0,0,0,0,0
[TFR]TcXendGME,0,0,0,33977453,0,1349
[TFR]ThePsychologist,237461416,0,4088597,33520132,14866440,1416
[TFR]Themistodoggo,271883793,0,4417782,33881885,15243960,1514
[TFR]Tinix,226429417,0,0,31858839,0,0
[TFR]Veri,0,0,3736241,30033033,14559360,0
[TFR]WhackedWake,273560449,0,4471737,0,14763360,1389
[TFR]Yensid08,0,0,0,0,0,2767
[TFR]chistie小叮,0,0,3957634,0,0,0
[TFR]chistine小叮,230221832,0,0,0,0,0
[TFR]defbox,0,0,4722610,31787104,15430320,1418
[TFR]pentode,420757508,0,0,63848011,25731600,2352
[TFR]stie小叮,0,0,0,0,0,1334
[TFR]suliman,0,0,0,0,14733960,0
[TFRjAdmiralKayne,0,0,0,0,17735400,0
[TFRjMarrowgar,0,0,0,0,14477040,0
[TFRjOnlyHuman,0,0,0,29742765,0,0
[TFRlimVaria,0,0,4073180,0,0,1288
[TFRlpentode,420760032,0,11240450,0,25731600,2352
[TNS,0,0,0,0,0,1445
[TNS-①0000①0,0,0,4243002,0,0,0
[TNS-①①,0,0,0,0,15275760,0
[TNS-③000000,231807865,0,0,0,0,0
[TNS],0,0,0,29985744,15303840,0
[TNS]110,0,0,0,31854178,0,0
[TNS]6ena9BOpOHa,0,0,0,0,14814000,0
[TNS]6enaA BOpOHa,0,0,3741745,0,0,0
[TNS]AIboba,261598943,0,5845440,35372580,15073800,1397
[TNS]Akagami,273459301,0,3922490,0,0,0
[TNS]Allyoucanbeam,0,0,9304334,0,0,0
[TNS]BRONSON,298253507,0,0,0,14527560,1685
[TNS]Daenerys,299894678,0,8489456,46806226,16487640,1958
[TNS]Disco Cat,0,0,0,29903046,0,0
[TNS]Eevee,241416801,0,0,32133000,0,0
[TNS]Erik,236357111,0,0,0,0,0
[TNS]Fritz,366116462,0,5492292,37917880,0,1559
[TNS]GMPoTonJeux,222307206,0,0,0,14679720,1243
[TNS]Gosufish,0,0,0,0,14771400,0
[TNS]HE MAN,0,0,0,0,0,1261
[TNS]Hygieia,218227879,0,0,30084341,15479040,0
[TNS]Jackal,0,0,0,32483554,14846760,0
[TNS]KiltedRebel,0,0,0,0,14709120,0
[TNS]Kings'landing,207146222,0,4673350,31412483,15070440,1428
[TNS]Landoogst,242007312,0,3737142,37305801,0,1424
[TNS]Loading000,0,0,3729545,0,15013680,0
[TNS]Loading0oo,224152183,0,0,33626553,0,0
[TNS]Loadingooo,0,0,0,0,0,1277
[TNS]Lord Raider,210322091,0,4420694,38663967,0,0
[TNS]MoonlightHill,0,0,4261810,0,0,1235
[TNS]NarendraSen,0,0,0,0,15419760,0
[TNS]Pappaguru,227017736,0,0,29846054,14485440,1281
[TNS]Pikachu,356446924,0,16132269,66454341,22009440,2380
[TNS]Red,0,0,0,0,14703720,0
[TNS]SiPeNee,252572863,0,6197464,35898245,16881120,1576
[TNS]SirLance,218230310,0,8295206,39875344,0,1720
[TNS]Ssaintt,0,0,4212877,32871024,0,1285
[TNS]Taylor,236788099,0,0,0,15651720,1244
[TNS]Wistful,0,0,0,0,14456280,0
[TNS]baby Pikachu,0,0,0,29970323,0,1275
[TNS]barny,0,0,0,32379332,14894760,1355
[TNS]eeedowrah,0,0,0,29532945,0,0
[TNS]pho,241752489,0,4326902,0,0,1393
[TNS]wolala,0,0,0,0,15806640,1352
[TNS]xOX,224404584,0,0,0,0,0
[TNS]xoX,0,0,4528427,0,0,0
[TNS]xox,0,0,0,0,14909040,1412
[],0,0,0,29543193,0,1266
l0品[S],239564189,0,0,0,0,0
sosopi,0,0,3867035,30936043,14947440,1278
